2012 Cohort Graduation Rates By District,,,,,,,,,,
,,,,,,,,,,
District Name,Category,4-Year Rates,Still Enrolled,Certificate of Attendance,Other,,,,,
Ansonia School District,All Students,76.1,5.9,0.0,18.0,,,,,
,Hispanic,68.9,4.4,0.0,26.7,,,,,
,Non-Hispanic,78.1,6.3,0.0,15.6,,,,,
,Asian,*,*,*,*,,,,,
,Black,56.1,12.2,0.0,31.7,,,,,
,Hawaiian or Pacific Islander,*,*,*,*,,,,,
,White,85.5,4.3,0.0,10.3,,,,,
,Male,69.8,7.5,0.0,22.6,,,,,
,Female,82.8,4.0,0.0,13.1,,,,,
,ELL,60.0,10.0,0.0,30.0,,,,,
,Non-ELL,76.9,5.6,0.0,17.4,,,,,
,Eligible For Free Lunch,64.4,6.9,0.0,28.7,,,,,
,Eligible For Reduced Lunch,77.8,8.9,0.0,13.3,,,,,
,Not Eligible For Lunch,89.0,2.7,0.0,8.2,,,,,
,Special Education,64.0,8.0,0.0,28.0,,,,,
,Non-Special Education,77.8,5.6,??,16.7,,,,,
Avon School District,All Students,96.1,2.5,0.0,1.4,,,,,
,Hispanic,87.5,12.5,0.0,0.0,,,,,
,Non-Hispanic,96.4,2.2,0.0,1.4,,,,,
,Asian,100.0,0.0,0.0,0.0,,,,,
,Black,*,*,*,*,,,,,
,Hawaiian or Pacific Islander,*,*,*,*,,,,,
,White,96.0,2.4,0.0,1.6,,,,,
,Two or More Races,*,*,*,*,,,,,
,Male,94.4,3.5,0.0,2.1,,,,,
,Female,97.9,1.4,0.0,0.7,,,,,
,ELL,*,*,*,*,,,,,
,Non-ELL,96.1,2.5,0.0,1.4,,,,,
,Eligible For Free Lunch,*,*,*,*,,,,,
,Eligible For Reduced Lunch,*,*,*,*,,,,,
,Not Eligible For Lunch,96.7,1.8,0.0,1.5,,,,,
,Special Education,83.8,13.5,0.0,2.7,,,,,
,Non-Special Education,98.0,0.8,??,1.2,,,,,
Berlin School District,All Students,94.7,2.3,0.0,3.0,,,,,
,Hispanic,88.9,5.6,0.0,5.6,,,,,
,Non-Hispanic,95.1,2.0,0.0,2.9,,,,,
,Asian,100.0,0.0,0.0,0.0,,,,,
,Black,*,*,*,*,,,,,
,White,95.0,2.3,0.0,2.7,,,,,
,Two or More Races,92.3,0.0,0.0,7.7,,,,,
,Male,93.1,2.6,0.0,4.3,,,,,
,Female,95.9,2.0,0.0,2.0,,,,,
,ELL,*,*,*,*,,,,,
,Non-ELL,94.6,2.3,0.0,3.1,,,,,
,Eligible For Free Lunch,90.5,4.8,0.0,4.8,,,,,
,Eligible For Reduced Lunch,88.9,0.0,0.0,11.1,,,,,
,Not Eligible For Lunch,95.3,2.1,0.0,2.6,,,,,
,Special Education,82.5,12.5,0.0,5.0,,,,,
,Non-Special Education,96.9,0.4,??,2.7,,,,,
Bethel School District,All Students,94.1,4.2,0.0,1.7,,,,,
,Hispanic,92.0,8.0,0.0,0.0,,,,,
,Non-Hispanic,94.4,3.7,0.0,1.9,,,,,
,Asian,100.0,0.0,0.0,0.0,,,,,
,Black,*,*,*,*,,,,,
,White,95.0,3.5,0.0,1.5,,,,,
,Two or More Races,*,*,*,*,,,,,
,Male,91.0,7.2,0.0,1.8,,,,,
,Female,96.9,1.6,0.0,1.6,,,,,
,ELL,*,*,*,*,,,,,
,Non-ELL,94.1,4.2,0.0,1.7,,,,,
,Eligible For Free Lunch,81.8,18.2,0.0,0.0,,,,,
,Eligible For Reduced Lunch,93.8,6.3,0.0,0.0,,,,,
,Not Eligible For Lunch,95.5,2.5,0.0,2.0,,,,,
,Special Education,72.4,20.7,0.0,6.9,,,,,
,Non-Special Education,97.1,1.9,??,1.0,,,,,
Bloomfield School District,All Students,78.1,14.8,0.0,7.1,,,,,
,Hispanic,57.9,31.6,0.0,10.5,,,,,
,Non-Hispanic,80.2,13.0,0.0,6.8,,,,,
,Black,80.0,13.5,0.0,6.5,,,,,
,White,85.7,0.0,0.0,14.3,,,,,
,Male,76.1,19.6,0.0,4.3,,,,,
,Female,79.8,10.6,0.0,9.6,,,,,
,Non-ELL,78.1,14.8,0.0,7.1,,,,,
,Eligible For Free Lunch,65.9,23.5,0.0,10.6,,,,,
,Eligible For Reduced Lunch,80.6,12.9,0.0,6.5,,,,,
,Not Eligible For Lunch,90.0,6.3,0.0,3.8,,,,,
,Special Education,64.3,28.6,0.0,7.1,,,,,
,Non-Special Education,80.4,12.5,??,7.1,,,,,
Bolton School District,All Students,90.4,5.5,0.0,4.1,,,,,
,Hispanic,*,*,*,*,,,,,
,Non-Hispanic,93.0,4.2,0.0,2.8,,,,,
,Black,*,*,*,*,,,,,
,White,92.8,4.3,0.0,2.9,,,,,
,Two or More Races,*,*,*,*,,,,,
,Male,86.1,8.3,0.0,5.6,,,,,
,Female,94.6,2.7,0.0,2.7,,,,,
,Non-ELL,90.4,5.5,0.0,4.1,,,,,
,Eligible For Free Lunch,28.6,42.9,0.0,28.6,,,,,
,Eligible For Reduced Lunch,*,*,*,*,,,,,
,Not Eligible For Lunch,96.9,1.5,0.0,1.5,,,,,
,Special Education,55.6,33.3,0.0,11.1,,,,,
,Non-Special Education,95.3,1.6,??,3.1,,,,,
Branford School District,All Students,93.0,3.1,0.0,3.9,,,,,
,Hispanic,100.0,0.0,0.0,0.0,,,,,
,Non-Hispanic,92.8,3.2,0.0,4.0,,,,,
,Asian,80.0,20.0,0.0,0.0,,,,,
,Black,*,*,*,*,,,,,
,White,94.4,1.7,0.0,3.9,,,,,
,Two or More Races,*,*,*,*,,,,,
,Male,90.7,5.4,0.0,3.9,,,,,
,Female,95.3,0.8,0.0,3.9,,,,,
,ELL,*,*,*,*,,,,,
,Non-ELL,92.9,3.1,0.0,3.9,,,,,
,Eligible For Free Lunch,87.2,7.7,0.0,5.1,,,,,
,Eligible For Reduced Lunch,95.5,0.0,0.0,4.5,,,,,
,Not Eligible For Lunch,93.9,2.5,0.0,3.6,,,,,
,Special Education,76.5,20.6,0.0,2.9,,,,,
,Non-Special Education,95.5,0.4,??,4.0,,,,,
Bridgeport School District,All Students,66.3,9.3,0.1,24.4,,,,,
,Hispanic,58.8,10.3,0.2,30.8,,,,,
,Non-Hispanic,72.9,8.4,0.0,18.7,,,,,
,Indian or Alaska Native,91.0,6.0,0.0,3.0,,,,,
,Asian,72.2,8.3,0.0,19.4,,,,,
,Black,72.5,9.4,0.0,18.0,,,,,
,Hawaiian or Pacific Islander,*,*,*,*,,,,,
,White,60.9,4.6,0.0,34.5,,,,,
,Male,60.1,11.9,0.2,27.9,,,,,
,Female,72.6,6.6,0.0,20.7,,,,,
,ELL,55.8,10.6,0.0,33.7,,,,,
,Non-ELL,68.4,9.0,0.1,22.5,,,,,
,Eligible For Free Lunch,66.0,9.1,0.1,24.8,,,,,
,Eligible For Reduced Lunch,72.5,11.6,0.0,15.9,,,,,
,Not Eligible For Lunch,60.0,10.0,0.0,30.0,,,,,
,Special Education,47.3,23.9,0.5,28.3,,,,,
,Non-Special Education,69.5,6.8,??,23.7,,,,,
Bristol School District,All Students,85.1,6.5,0.0,8.4,,,,,
,Hispanic,71.0,11.8,0.0,17.2,,,,,
,Non-Hispanic,87.5,5.6,0.0,6.9,,,,,
,Indian or Alaska Native,*,*,*,*,,,,,
,Asian,94.7,5.3,0.0,0.0,,,,,
,Black,80.0,15.0,0.0,5.0,,,,,
,White,87.7,4.7,0.0,7.5,,,,,
,Two or More Races,92.3,7.7,0.0,0.0,,,,,
,Male,83.0,8.7,0.0,8.3,,,,,
,Female,87.1,4.4,0.0,8.5,,,,,
,ELL,76.2,9.5,0.0,14.3,,,,,
,Non-ELL,85.4,6.4,0.0,8.2,,,,,
,Eligible For Free Lunch,68.2,13.3,0.0,18.5,,,,,
,Eligible For Reduced Lunch,84.1,7.2,0.0,8.7,,,,,
,Not Eligible For Lunch,92.8,3.3,0.0,3.9,,,,,
,Special Education,68.8,20.4,0.0,10.8,,,,,
,Non-Special Education,87.9,4.1,??,8.0,,,,,
Brookfield School District,All Students,97.2,2.4,0.0,0.4,,,,,
,Hispanic,100.0,0.0,0.0,0.0,,,,,
,Non-Hispanic,97.2,2.4,0.0,0.4,,,,,
,Asian,100.0,0.0,0.0,0.0,,,,,
,Black,100.0,0.0,0.0,0.0,,,,,
,White,97.0,2.6,0.0,0.4,,,,,
,Male,98.2,1.8,0.0,0.0,,,,,
,Female,96.5,2.8,0.0,0.7,,,,,
,ELL,*,*,*,*,,,,,
,Non-ELL,97.2,2.4,0.0,0.4,,,,,
,Eligible For Free Lunch,92.3,0.0,0.0,7.7,,,,,
,Eligible For Reduced Lunch,*,*,*,*,,,,,
,Not Eligible For Lunch,97.5,2.5,0.0,0.0,,,,,
,Special Education,78.9,21.1,0.0,0.0,,,,,
,Non-Special Education,98.7,0.9,??,0.4,,,,,
Canton School District,All Students,97.5,1.7,0.0,0.8,,,,,
,Hispanic,*,*,*,*,,,,,
,Non-Hispanic,97.3,1.8,0.0,0.9,,,,,
,Asian,*,*,*,*,,,,,
,Black,*,*,*,*,,,,,
,White,98.1,0.9,0.0,0.9,,,,,
,Two or More Races,*,*,*,*,,,,,
,Male,94.8,3.4,0.0,1.7,,,,,
,Female,100.0,0.0,0.0,0.0,,,,,
,Non-ELL,97.5,1.7,0.0,0.8,,,,,
,Eligible For Free Lunch,85.7,14.3,0.0,0.0,,,,,
,Not Eligible For Lunch,98.2,0.9,0.0,0.9,,,,,
,Special Education,91.7,8.3,0.0,0.0,,,,,
,Non-Special Education,98.1,0.9,??,0.9,,,,,
Cheshire School District,All Students,95.9,2.4,0.0,1.7,,,,,
,Hispanic,88.9,0.0,0.0,11.1,,,,,
,Non-Hispanic,96.0,2.5,0.0,1.5,,,,,
,Asian,100.0,0.0,0.0,0.0,,,,,
,Black,100.0,0.0,0.0,0.0,,,,,
,White,95.5,2.8,0.0,1.7,,,,,
,Male,95.8,1.9,0.0,2.4,,,,,
,Female,96.0,3.0,0.0,1.0,,,,,
,ELL,*,*,*,*,,,,,
,Non-ELL,96.1,2.5,0.0,1.5,,,,,
,Eligible For Free Lunch,81.8,9.1,0.0,9.1,,,,,
,Eligible For Reduced Lunch,95.8,4.2,0.0,0.0,,,,,
,Not Eligible For Lunch,96.7,1.9,0.0,1.4,,,,,
,Special Education,73.5,16.3,0.0,10.2,,,,,
,Non-Special Education,98.9,0.6,??,0.6,,,,,
Clinton School District,All Students,92.7,0.8,0.0,6.5,,,,,
,Hispanic,*,*,*,*,,,,,
,Non-Hispanic,93.2,0.0,0.0,6.8,,,,,
,Indian or Alaska Native,*,*,*,*,,,,,
,Asian,100.0,0.0,0.0,0.0,,,,,
,Black,*,*,*,*,,,,,
,White,92.5,0.0,0.0,7.5,,,,,
,Two or More Races,*,*,*,*,,,,,
,Male,93.5,1.6,0.0,4.8,,,,,
,Female,91.8,0.0,0.0,8.2,,,,,
,ELL,*,*,*,*,,,,,
,Non-ELL,92.5,0.8,0.0,6.7,,,,,
,Eligible For Free Lunch,100.0,0.0,0.0,0.0,,,,,
,Eligible For Reduced Lunch,*,*,*,*,,,,,
,Not Eligible For Lunch,91.7,0.9,0.0,7.4,,,,,
,Special Education,81.0,0.0,0.0,19.0,,,,,
,Non-Special Education,95.1,1.0,??,3.9,,,,,
Colchester School District,All Students,94.7,3.3,0.0,2.0,,,,,
,Hispanic,90.9,9.1,0.0,0.0,,,,,
,Non-Hispanic,94.9,3.0,0.0,2.1,,,,,
,Indian or Alaska Native,*,*,*,*,,,,,
,Asian,*,*,*,*,,,,,
,Black,100.0,0.0,0.0,0.0,,,,,
,White,95.4,2.8,0.0,1.8,,,,,
,Two or More Races,*,*,*,*,,,,,
,Male,93.4,4.7,0.0,1.9,,,,,
,Female,95.7,2.1,0.0,2.1,,,,,
,ELL,*,*,*,*,,,,,
,Non-ELL,94.7,3.3,0.0,2.0,,,,,
,Eligible For Free Lunch,87.0,4.3,0.0,8.7,,,,,
,Eligible For Reduced Lunch,100.0,0.0,0.0,0.0,,,,,
,Not Eligible For Lunch,95.2,3.4,0.0,1.4,,,,,
,Special Education,75.0,21.4,0.0,3.6,,,,,
,Non-Special Education,97.2,0.9,??,1.8,,,,,
Coventry School District,All Students,86.3,6.5,0.0,7.2,,,,,
,Hispanic,*,*,*,*,,,,,
,Non-Hispanic,86.6,6.7,0.0,6.7,,,,,
,Asian,*,*,*,*,,,,,
,Black,*,*,*,*,,,,,
,White,87.8,6.5,0.0,5.8,,,,,
,Two or More Races,*,*,*,*,,,,,
,Male,83.1,7.2,0.0,9.6,,,,,
,Female,90.0,5.7,0.0,4.3,,,,,
,Non-ELL,86.3,6.5,0.0,7.2,,,,,
,Eligible For Free Lunch,60.0,5.0,0.0,35.0,,,,,
,Eligible For Reduced Lunch,78.6,14.3,0.0,7.1,,,,,
,Not Eligible For Lunch,91.6,5.9,0.0,2.5,,,,,
,Special Education,80.0,16.0,0.0,4.0,,,,,
,Non-Special Education,87.5,4.7,??,7.8,,,,,
Cromwell School District,All Students,91.4,4.6,0.0,3.9,,,,,
,Hispanic,88.9,0.0,0.0,11.1,,,,,
,Non-Hispanic,91.6,4.9,0.0,3.5,,,,,
,Indian or Alaska Native,*,*,*,*,,,,,
,Asian,*,*,*,*,,,,,
,Black,72.7,9.1,0.0,18.2,,,,,
,White,93.8,3.9,0.0,2.3,,,,,
,Male,87.2,7.7,0.0,5.1,,,,,
,Female,95.9,1.4,0.0,2.7,,,,,
,ELL,*,*,*,*,,,,,
,Non-ELL,91.4,4.6,0.0,4.0,,,,,
,Eligible For Free Lunch,81.5,7.4,0.0,11.1,,,,,
,Eligible For Reduced Lunch,100.0,0.0,0.0,0.0,,,,,
,Not Eligible For Lunch,93.2,4.3,0.0,2.6,,,,,
,Special Education,54.5,27.3,0.0,18.2,,,,,
,Non-Special Education,97.7,0.8,??,1.5,,,,,
Danbury School District,All Students,76.8,12.2,0.0,11.1,,,,,
,Hispanic,64.9,17.6,0.0,17.6,,,,,
,Non-Hispanic,82.2,9.7,0.0,8.1,,,,,
,Asian,84.6,13.5,0.0,1.9,,,,,
,Black,74.7,11.0,0.0,14.3,,,,,
,White,83.9,8.9,0.0,7.3,,,,,
,Two or More Races,*,*,*,*,,,,,
,Male,71.7,15.9,0.0,12.4,,,,,
,Female,81.4,8.7,0.0,9.9,,,,,
,ELL,55.8,23.0,0.0,21.2,,,,,
,Non-ELL,80.4,10.2,0.0,9.3,,,,,
,Eligible For Free Lunch,63.8,18.5,0.0,17.7,,,,,
,Eligible For Reduced Lunch,78.6,10.7,0.0,10.7,,,,,
,Not Eligible For Lunch,84.8,8.3,0.0,6.9,,,,,
,Special Education,51.9,35.8,0.0,12.3,,,,,
,Non-Special Education,79.7,9.3,??,10.9,,,,,
Darien School District,All Students,96.5,1.9,0.0,1.6,,,,,
,Hispanic,90.0,10.0,0.0,0.0,,,,,
,Non-Hispanic,96.7,1.7,0.0,1.7,,,,,
,Asian,100.0,0.0,0.0,0.0,,,,,
,Black,*,*,*,*,,,,,
,White,96.9,1.7,0.0,1.4,,,,,
,Male,95.3,4.0,0.0,0.7,,,,,
,Female,97.5,0.0,0.0,2.5,,,,,
,ELL,*,*,*,*,,,,,
,Non-ELL,96.8,1.6,0.0,1.6,,,,,
,Eligible For Free Lunch,*,*,*,*,,,,,
,Eligible For Reduced Lunch,*,*,*,*,,,,,
,Not Eligible For Lunch,96.3,2.0,0.0,1.7,,,,,
,Special Education,90.7,9.3,0.0,0.0,,,,,
,Non-Special Education,97.4,0.7,??,1.9,,,,,
Derby School District,All Students,75.5,9.4,0.0,15.1,,,,,
,Hispanic,53.8,30.8,0.0,15.4,,,,,
,Non-Hispanic,82.5,2.5,0.0,15.0,,,,,
,Black,47.1,5.9,0.0,47.1,,,,,
,Hawaiian or Pacific Islander,*,*,*,*,,,,,
,White,91.8,1.6,0.0,6.6,,,,,
,Two or More Races,*,*,*,*,,,,,
,Male,71.9,14.0,0.0,14.0,,,,,
,Female,79.6,4.1,0.0,16.3,,,,,
,ELL,77.8,11.1,0.0,11.1,,,,,
,Non-ELL,75.3,9.3,0.0,15.5,,,,,
,Eligible For Free Lunch,62.5,17.5,0.0,20.0,,,,,
,Eligible For Reduced Lunch,75.0,10.0,0.0,15.0,,,,,
,Not Eligible For Lunch,87.0,2.2,0.0,10.9,,,,,
,Special Education,45.5,9.1,0.0,45.5,,,,,
,Non-Special Education,78.9,9.5,??,11.6,,,,,
East Granby School District,All Students,95.1,1.6,0.0,3.3,,,,,
,Hispanic,*,*,*,*,,,,,
,Non-Hispanic,95.0,1.7,0.0,3.3,,,,,
,Asian,*,*,*,*,,,,,
,Black,*,*,*,*,,,,,
,White,94.3,1.9,0.0,3.8,,,,,
,Two or More Races,*,*,*,*,,,,,
,Male,93.3,3.3,0.0,3.3,,,,,
,Female,96.8,0.0,0.0,3.2,,,,,
,Non-ELL,95.1,1.6,0.0,3.3,,,,,
,Eligible For Free Lunch,*,*,*,*,,,,,
,Not Eligible For Lunch,94.9,1.7,0.0,3.4,,,,,
,Special Education,88.9,11.1,0.0,0.0,,,,,
,Non-Special Education,96.2,0.0,??,3.8,,,,,
East Haddam School District,All Students,92.2,2.0,0.0,5.9,,,,,
,Hispanic,*,*,*,*,,,,,
,Non-Hispanic,92.1,2.0,0.0,5.9,,,,,
,Black,*,*,*,*,,,,,
,White,92.9,2.0,0.0,5.1,,,,,
,Male,88.6,4.5,0.0,6.8,,,,,
,Female,94.8,0.0,0.0,5.2,,,,,
,ELL,*,*,*,*,,,,,
,Non-ELL,93.1,2.0,0.0,5.0,,,,,
,Eligible For Free Lunch,81.8,0.0,0.0,18.2,,,,,
,Eligible For Reduced Lunch,*,*,*,*,,,,,
,Not Eligible For Lunch,93.1,2.3,0.0,4.6,,,,,
,Special Education,81.8,9.1,0.0,9.1,,,,,
,Non-Special Education,93.4,1.1,??,5.5,,,,,
East Hampton School District,All Students,94.5,1.8,0.0,3.6,,,,,
,Hispanic,*,*,*,*,,,,,
,Non-Hispanic,94.4,1.9,0.0,3.7,,,,,
,Asian,*,*,*,*,,,,,
,Black,*,*,*,*,,,,,
,White,94.8,2.0,0.0,3.3,,,,,
,Two or More Races,*,*,*,*,,,,,
,Male,92.0,2.3,0.0,5.7,,,,,
,Female,97.4,1.3,0.0,1.3,,,,,
,ELL,*,*,*,*,,,,,
,Non-ELL,94.5,1.8,0.0,3.7,,,,,
,Eligible For Free Lunch,87.5,0.0,0.0,12.5,,,,,
,Eligible For Reduced Lunch,92.9,0.0,0.0,7.1,,,,,
,Not Eligible For Lunch,95.1,2.1,0.0,2.8,,,,,
,Special Education,54.5,18.2,0.0,27.3,,,,,
,Non-Special Education,97.4,0.6,??,1.9,,,,,
East Hartford School District,All Students,76.6,9.6,0.0,13.7,,,,,
,Hispanic,70.0,10.1,0.0,19.8,,,,,
,Non-Hispanic,80.5,9.4,0.0,10.2,,,,,
,Indian or Alaska Native,*,*,*,*,,,,,
,Asian,87.8,4.9,0.0,7.3,,,,,
,Black,81.9,9.3,0.0,8.8,,,,,
,White,76.2,10.9,0.0,12.9,,,,,
,Two or More Races,*,*,*,*,,,,,
,Male,70.6,14.0,0.0,15.4,,,,,
,Female,82.9,5.1,0.0,12.0,,,,,
,ELL,62.9,17.1,0.0,20.0,,,,,
,Non-ELL,77.5,9.2,0.0,13.3,,,,,
,Eligible For Free Lunch,67.5,13.4,0.0,19.0,,,,,
,Eligible For Reduced Lunch,83.6,7.3,0.0,9.1,,,,,
,Not Eligible For Lunch,88.1,4.5,0.0,7.4,,,,,
,Special Education,55.8,27.9,0.0,16.3,,,,,
,Non-Special Education,81.1,5.7,??,13.1,,,,,
East Haven School District,All Students,72.2,8.3,0.0,19.6,,,,,
,Hispanic,68.0,20.0,0.0,12.0,,,,,
,Non-Hispanic,72.7,6.8,0.0,20.5,,,,,
,Asian,83.3,8.3,0.0,8.3,,,,,
,Black,76.9,7.7,0.0,15.4,,,,,
,White,71.3,6.7,0.0,21.9,,,,,
,Two or More Races,*,*,*,*,,,,,
,Male,64.0,9.9,0.0,26.1,,,,,
,Female,79.8,6.7,0.0,13.4,,,,,
,ELL,60.0,20.0,0.0,20.0,,,,,
,Non-ELL,72.7,7.7,0.0,19.5,,,,,
,Eligible For Free Lunch,61.5,11.5,0.0,26.9,,,,,
,Eligible For Reduced Lunch,80.0,2.9,0.0,17.1,,,,,
,Not Eligible For Lunch,76.9,7.7,0.0,15.4,,,,,
,Special Education,47.2,22.2,0.0,30.6,,,,,
,Non-Special Education,76.8,5.7,??,17.5,,,,,
East Lyme School District,All Students,94.4,2.3,0.0,3.3,,,,,
,Hispanic,100.0,0.0,0.0,0.0,,,,,
,Non-Hispanic,94.2,2.4,0.0,3.4,,,,,
,Indian or Alaska Native,*,*,*,*,,,,,
,Asian,100.0,0.0,0.0,0.0,,,,,
,Black,87.5,0.0,0.0,12.5,,,,,
,White,94.0,2.6,0.0,3.4,,,,,
,Male,92.4,4.2,0.0,3.5,,,,,
,Female,96.2,0.6,0.0,3.1,,,,,
,Non-ELL,94.4,2.3,0.0,3.3,,,,,
,Eligible For Free Lunch,85.0,5.0,0.0,10.0,,,,,
,Eligible For Reduced Lunch,88.9,5.6,0.0,5.6,,,,,
,Not Eligible For Lunch,95.5,1.9,0.0,2.6,,,,,
,Special Education,82.7,13.5,0.0,3.8,,,,,
,Non-Special Education,96.8,0.0,??,3.2,,,,,
East Windsor School District,All Students,86.5,6.7,0.0,6.7,,,,,
,Hispanic,87.5,12.5,0.0,0.0,,,,,
,Non-Hispanic,86.4,6.2,0.0,7.4,,,,,
,Asian,*,*,*,*,,,,,
,Black,72.7,18.2,0.0,9.1,,,,,
,White,87.5,4.7,0.0,7.8,,,,,
,Two or More Races,*,*,*,*,,,,,
,Male,84.1,6.8,0.0,9.1,,,,,
,Female,88.9,6.7,0.0,4.4,,,,,
,Non-ELL,86.5,6.7,0.0,6.7,,,,,
,Eligible For Free Lunch,76.2,14.3,0.0,9.5,,,,,
,Eligible For Reduced Lunch,90.9,9.1,0.0,0.0,,,,,
,Not Eligible For Lunch,89.5,3.5,0.0,7.0,,,,,
,Special Education,66.7,25.0,0.0,8.3,,,,,
,Non-Special Education,89.6,3.9,??,6.5,,,,,
Ellington School District,All Students,90.1,4.4,0.0,5.4,,,,,
,Hispanic,*,*,*,*,,,,,
,Non-Hispanic,89.8,4.6,0.0,5.6,,,,,
,Asian,*,*,*,*,,,,,
,Black,*,*,*,*,,,,,
,White,90.1,4.4,0.0,5.5,,,,,
,Two or More Races,85.7,14.3,0.0,0.0,,,,,
,Male,91.3,3.9,0.0,4.9,,,,,
,Female,89.0,5.0,0.0,6.0,,,,,
,ELL,*,*,*,*,,,,,
,Non-ELL,90.0,4.5,0.0,5.5,,,,,
,Eligible For Free Lunch,66.7,8.3,0.0,25.0,,,,,
,Eligible For Reduced Lunch,*,*,*,*,,,,,
,Not Eligible For Lunch,92.4,3.8,0.0,3.8,,,,,
,Special Education,59.1,27.3,0.0,13.6,,,,,
,Non-Special Education,93.9,1.7,??,4.4,,,,,
Enfield School District,All Students,85.2,5.9,0.0,9.0,,,,,
,Hispanic,81.8,9.1,0.0,9.1,,,,,
,Non-Hispanic,85.3,5.7,0.0,9.0,,,,,
,Indian or Alaska Native,*,*,*,*,,,,,
,Asian,90.9,9.1,0.0,0.0,,,,,
,Black,70.4,3.7,0.0,25.9,,,,,
,White,86.0,5.7,0.0,8.4,,,,,
,Two or More Races,88.9,11.1,0.0,0.0,,,,,
,Male,81.4,7.0,0.0,11.6,,,,,
,Female,89.0,4.7,0.0,6.3,,,,,
,ELL,*,*,*,*,,,,,
,Non-ELL,85.5,5.7,0.0,8.8,,,,,
,Eligible For Free Lunch,66.4,10.9,0.0,22.7,,,,,
,Eligible For Reduced Lunch,75.6,12.2,0.0,12.2,,,,,
,Not Eligible For Lunch,92.0,3.6,0.0,4.4,,,,,
,Special Education,60.5,20.9,0.0,18.6,,,,,
,Non-Special Education,90.1,2.8,??,7.0,,,,,
Fairfield School District,All Students,94.2,3.2,0.0,2.6,,,,,
,Hispanic,85.3,5.9,0.0,8.8,,,,,
,Non-Hispanic,95.2,2.9,0.0,1.9,,,,,
,Indian or Alaska Native,*,*,*,*,,,,,
,Asian,92.9,0.0,0.0,7.1,,,,,
,Black,83.3,11.1,0.0,5.6,,,,,
,White,95.8,2.8,0.0,1.5,,,,,
,Two or More Races,96.0,0.0,0.0,4.0,,,,,
,Male,93.5,3.6,0.0,2.9,,,,,
,Female,94.8,2.9,0.0,2.3,,,,,
,ELL,84.6,0.0,0.0,15.4,,,,,
,Non-ELL,94.4,3.2,0.0,2.4,,,,,
,Eligible For Free Lunch,75.9,13.8,0.0,10.3,,,,,
,Eligible For Reduced Lunch,84.0,4.0,0.0,12.0,,,,,
,Not Eligible For Lunch,96.4,2.1,0.0,1.5,,,,,
,Special Education,82.8,11.8,0.0,5.4,,,,,
,Non-Special Education,96.0,1.8,??,2.2,,,,,
Farmington School District,All Students,94.1,3.9,0.0,2.0,,,,,
,Hispanic,87.5,0.0,0.0,12.5,,,,,
,Non-Hispanic,94.3,4.1,0.0,1.7,,,,,
,Asian,100.0,0.0,0.0,0.0,,,,,
,Black,80.0,20.0,0.0,0.0,,,,,
,White,95.0,3.1,0.0,1.9,,,,,
,Male,90.8,6.6,0.0,2.6,,,,,
,Female,97.4,1.3,0.0,1.3,,,,,
,ELL,*,*,*,*,,,,,
,Non-ELL,94.0,4.0,0.0,2.0,,,,,
,Eligible For Free Lunch,90.5,0.0,0.0,9.5,,,,,
,Eligible For Reduced Lunch,85.7,14.3,0.0,0.0,,,,,
,Not Eligible For Lunch,94.8,3.7,0.0,1.5,,,,,
,Special Education,63.3,30.0,0.0,6.7,,,,,
,Non-Special Education,97.4,1.1,??,1.5,,,,,
Glastonbury School District,All Students,95.9,2.3,0.0,1.8,,,,,
,Hispanic,87.9,9.1,0.0,3.0,,,,,
,Non-Hispanic,96.5,1.9,0.0,1.7,,,,,
,Indian or Alaska Native,*,*,*,*,,,,,
,Asian,100.0,0.0,0.0,0.0,,,,,
,Black,95.7,4.3,0.0,0.0,,,,,
,White,96.1,1.9,0.0,1.9,,,,,
,Two or More Races,100.0,0.0,0.0,0.0,,,,,
,Male,94.0,3.0,0.0,3.0,,,,,
,Female,98.0,1.6,0.0,0.4,,,,,
,ELL,*,*,*,*,,,,,
,Non-ELL,95.9,2.4,0.0,1.8,,,,,
,Eligible For Free Lunch,76.7,13.3,0.0,10.0,,,,,
,Eligible For Reduced Lunch,100.0,0.0,0.0,0.0,,,,,
,Not Eligible For Lunch,97.0,1.7,0.0,1.3,,,,,
,Special Education,74.6,13.6,0.0,11.9,,,,,
,Non-Special Education,98.7,0.9,??,0.4,,,,,
Granby School District,All Students,97.4,1.6,0.0,1.1,,,,,
,Hispanic,*,*,*,*,,,,,
,Non-Hispanic,97.3,1.6,0.0,1.1,,,,,
,Asian,*,*,*,*,,,,,
,Black,*,*,*,*,,,,,
,White,97.2,1.7,0.0,1.1,,,,,
,Two or More Races,*,*,*,*,,,,,
,Male,98.9,0.0,0.0,1.1,,,,,
,Female,95.9,3.1,0.0,1.0,,,,,
,Non-ELL,97.4,1.6,0.0,1.1,,,,,
,Eligible For Free Lunch,*,*,*,*,,,,,
,Eligible For Reduced Lunch,*,*,*,*,,,,,
,Not Eligible For Lunch,97.8,1.1,0.0,1.1,,,,,
,Special Education,90.9,9.1,0.0,0.0,,,,,
,Non-Special Education,98.2,0.6,??,1.2,,,,,
Greenwich School District,All Students,92.3,4.3,0.0,3.4,,,,,
,Hispanic,78.6,12.2,0.0,9.2,,,,,
,Non-Hispanic,94.7,2.9,0.0,2.4,,,,,
,Asian,93.5,6.5,0.0,0.0,,,,,
,Black,75.0,20.0,0.0,5.0,,,,,
,White,95.6,1.9,0.0,2.5,,,,,
,Two or More Races,100.0,0.0,0.0,0.0,,,,,
,Male,89.7,6.3,0.0,3.9,,,,,
,Female,94.9,2.2,0.0,2.9,,,,,
,ELL,76.7,10.0,0.0,13.3,,,,,
,Non-ELL,93.0,4.1,0.0,2.9,,,,,
,Eligible For Free Lunch,82.8,10.9,0.0,6.3,,,,,
,Eligible For Reduced Lunch,87.1,12.9,0.0,0.0,,,,,
,Not Eligible For Lunch,93.6,3.1,0.0,3.3,,,,,
,Special Education,82.1,12.6,0.0,5.3,,,,,
,Non-Special Education,94.0,2.9,??,3.1,,,,,
Griswold School District,All Students,87.5,2.7,0.0,9.8,,,,,
,Hispanic,*,*,*,*,,,,,
,Non-Hispanic,87.4,2.7,0.0,9.9,,,,,
,Indian or Alaska Native,*,*,*,*,,,,,
,Asian,*,*,*,*,,,,,
,Black,*,*,*,*,,,,,
,Hawaiian or Pacific Islander,*,*,*,*,,,,,
,White,88.0,3.0,0.0,9.0,,,,,
,Two or More Races,*,*,*,*,,,,,
,Male,86.7,3.1,0.0,10.2,,,,,
,Female,88.4,2.3,0.0,9.3,,,,,
,ELL,*,*,*,*,,,,,
,Non-ELL,87.4,2.7,0.0,9.8,,,,,
,Eligible For Free Lunch,77.5,2.5,0.0,20.0,,,,,
,Eligible For Reduced Lunch,77.3,4.5,0.0,18.2,,,,,
,Not Eligible For Lunch,92.6,2.5,0.0,4.9,,,,,
,Special Education,77.8,7.4,0.0,14.8,,,,,
,Non-Special Education,89.2,1.9,??,8.9,,,,,
Groton School District,All Students,81.7,3.8,0.0,14.5,,,,,
,Hispanic,67.6,0.0,0.0,32.4,,,,,
,Non-Hispanic,83.4,4.2,0.0,12.3,,,,,
,Indian or Alaska Native,*,*,*,*,,,,,
,Asian,100.0,0.0,0.0,0.0,,,,,
,Black,76.7,2.3,0.0,20.9,,,,,
,Hawaiian or Pacific Islander,*,*,*,*,,,,,
,White,84.4,4.8,0.0,10.8,,,,,
,Two or More Races,*,*,*,*,,,,,
,Male,84.3,3.9,0.0,11.8,,,,,
,Female,79.0,3.6,0.0,17.4,,,,,
,ELL,63.6,0.0,0.0,36.4,,,,,
,Non-ELL,82.3,3.9,0.0,13.8,,,,,
,Eligible For Free Lunch,74.1,3.6,0.0,22.3,,,,,
,Eligible For Reduced Lunch,75.9,6.9,0.0,17.2,,,,,
,Not Eligible For Lunch,86.8,3.4,0.0,9.8,,,,,
,Special Education,54.8,31.0,0.0,14.3,,,,,
,Non-Special Education,85.5,0.0,??,14.5,,,,,
Guilford School District,All Students,97.6,1.7,0.0,0.7,,,,,
,Hispanic,100.0,0.0,0.0,0.0,,,,,
,Non-Hispanic,97.4,1.8,0.0,0.7,,,,,
,Asian,100.0,0.0,0.0,0.0,,,,,
,Black,*,*,*,*,,,,,
,White,97.3,1.9,0.0,0.8,,,,,
,Two or More Races,*,*,*,*,,,,,
,Male,97.1,2.2,0.0,0.7,,,,,
,Female,98.0,1.3,0.0,0.7,,,,,
,Non-ELL,97.6,1.7,0.0,0.7,,,,,
,Eligible For Free Lunch,100.0,0.0,0.0,0.0,,,,,
,Eligible For Reduced Lunch,100.0,0.0,0.0,0.0,,,,,
,Not Eligible For Lunch,97.3,1.9,0.0,0.8,,,,,
,Special Education,83.3,11.1,0.0,5.6,,,,,
,Non-Special Education,99.6,0.4,??,0.0,,,,,
Hamden School District,All Students,84.3,7.1,0.0,8.6,,,,,
,Hispanic,71.8,14.1,0.0,14.1,,,,,
,Non-Hispanic,86.3,6.0,0.0,7.7,,,,,
,Indian or Alaska Native,*,*,*,*,,,,,
,Asian,93.9,3.0,0.0,3.0,,,,,
,Black,78.8,10.1,0.0,11.1,,,,,
,White,91.6,3.1,0.0,5.3,,,,,
,Two or More Races,*,*,*,*,,,,,
,Male,80.8,9.8,0.0,9.4,,,,,
,Female,88.0,4.3,0.0,7.8,,,,,
,ELL,84.6,7.7,0.0,7.7,,,,,
,Non-ELL,84.3,7.1,0.0,8.6,,,,,
,Eligible For Free Lunch,75.2,7.9,0.0,17.0,,,,,
,Eligible For Reduced Lunch,82.8,15.5,0.0,1.7,,,,,
,Not Eligible For Lunch,89.7,5.0,0.0,5.3,,,,,
,Special Education,64.8,18.2,0.0,17.0,,,,,
,Non-Special Education,88.3,4.8,??,6.9,,,,,
Hartford School District,All Students,64.8,17.3,0.0,17.9,,,,,
,Hispanic,54.7,20.4,0.0,24.8,,,,,
,Non-Hispanic,73.2,14.7,0.0,12.1,,,,,
,Indian or Alaska Native,*,*,*,*,,,,,
,Asian,62.2,27.0,0.0,10.8,,,,,
,Black,73.4,14.7,0.0,11.8,,,,,
,Hawaiian or Pacific Islander,*,*,*,*,,,,,
,White,83.7,7.6,0.0,8.7,,,,,
,Two or More Races,50.0,23.5,0.0,26.5,,,,,
,Male,60.2,21.2,0.0,18.6,,,,,
,Female,69.5,13.3,0.0,17.1,,,,,
,ELL,46.3,25.4,0.0,28.4,,,,,
,Non-ELL,67.9,15.9,0.0,16.1,,,,,
,Eligible For Free Lunch,60.2,19.2,0.0,20.6,,,,,
,Eligible For Reduced Lunch,88.2,9.7,0.0,2.2,,,,,
,Not Eligible For Lunch,91.9,5.4,0.0,2.7,,,,,
,Special Education,42.7,33.7,0.0,23.6,,,,,
,Non-Special Education,70.0,13.4,??,16.5,,,,,
Killingly School District,All Students,77.0,7.9,0.0,15.2,,,,,
,Hispanic,66.7,11.1,0.0,22.2,,,,,
,Non-Hispanic,77.5,7.7,0.0,14.8,,,,,
,Indian or Alaska Native,*,*,*,*,,,,,
,Asian,*,*,*,*,,,,,
,Black,77.8,11.1,0.0,11.1,,,,,
,White,78.8,7.3,0.0,13.9,,,,,
,Two or More Races,*,*,*,*,,,,,
,Male,72.7,8.1,0.0,19.2,,,,,
,Female,81.5,7.6,0.0,10.9,,,,,
,ELL,*,*,*,*,,,,,
,Non-ELL,76.6,8.0,0.0,15.4,,,,,
,Eligible For Free Lunch,57.1,12.7,0.0,30.2,,,,,
,Eligible For Reduced Lunch,80.8,7.7,0.0,11.5,,,,,
,Not Eligible For Lunch,88.2,4.9,0.0,6.9,,,,,
,Special Education,56.3,21.9,0.0,21.9,,,,,
,Non-Special Education,81.1,5.0,??,13.8,,,,,
Lebanon School District,All Students,87.9,3.8,0.0,8.3,,,,,
,Hispanic,*,*,*,*,,,,,
,Non-Hispanic,87.6,3.9,0.0,8.5,,,,,
,Indian or Alaska Native,*,*,*,*,,,,,
,White,87.5,3.9,0.0,8.6,,,,,
,Male,87.1,3.2,0.0,9.7,,,,,
,Female,88.6,4.3,0.0,7.1,,,,,
,Non-ELL,87.9,3.8,0.0,8.3,,,,,
,Eligible For Free Lunch,88.9,0.0,0.0,11.1,,,,,
,Eligible For Reduced Lunch,87.5,0.0,0.0,12.5,,,,,
,Not Eligible For Lunch,87.8,4.3,0.0,7.8,,,,,
,Special Education,68.8,25.0,0.0,6.3,,,,,
,Non-Special Education,90.5,0.9,??,8.6,,,,,
Ledyard School District,All Students,91.5,1.9,0.0,6.6,,,,,
,Hispanic,83.3,0.0,0.0,16.7,,,,,
,Non-Hispanic,92.0,2.0,0.0,6.0,,,,,
,Indian or Alaska Native,83.3,8.3,0.0,8.3,,,,,
,Asian,100.0,0.0,0.0,0.0,,,,,
,Black,90.9,0.0,0.0,9.1,,,,,
,White,92.2,1.8,0.0,6.0,,,,,
,Male,88.8,4.1,0.0,7.1,,,,,
,Female,93.9,0.0,0.0,6.1,,,,,
,ELL,*,*,*,*,,,,,
,Non-ELL,91.3,1.9,0.0,6.8,,,,,
,Eligible For Free Lunch,75.0,0.0,0.0,25.0,,,,,
,Eligible For Reduced Lunch,*,*,*,*,,,,,
,Not Eligible For Lunch,94.0,2.2,0.0,3.8,,,,,
,Special Education,77.8,11.1,0.0,11.1,,,,,
,Non-Special Education,93.5,0.5,??,5.9,,,,,
Lisbon School District,All Students,*,*,*,*,,,,,
,Non-Hispanic,*,*,*,*,,,,,
,White,*,*,*,*,,,,,
,Two or More Races,*,*,*,*,,,,,
,Male,*,*,*,*,,,,,
,Female,*,*,*,*,,,,,
,Non-ELL,*,*,*,*,,,,,
,Eligible For Free Lunch,*,*,*,*,,,,,
,Not Eligible For Lunch,*,*,*,*,,,,,
,Special Education,*,*,*,*,,,,,
,Non-Special Education,*,*,*,*,,,,,
Litchfield School District,All Students,97.1,1.9,0.0,1.0,,,,,
,Hispanic,*,*,*,*,,,,,
,Non-Hispanic,97.0,2.0,0.0,1.0,,,,,
,Black,*,*,*,*,,,,,
,White,96.9,2.0,0.0,1.0,,,,,
,Male,96.2,1.9,0.0,1.9,,,,,
,Female,98.0,2.0,0.0,0.0,,,,,
,Non-ELL,97.1,1.9,0.0,1.0,,,,,
,Eligible For Free Lunch,88.9,11.1,0.0,0.0,,,,,
,Eligible For Reduced Lunch,*,*,*,*,,,,,
,Not Eligible For Lunch,97.8,1.1,0.0,1.1,,,,,
,Special Education,*,*,*,*,,,,,
,Non-Special Education,98.0,1.0,??,1.0,,,,,
Madison School District,All Students,96.7,2.4,0.0,0.9,,,,,
,Hispanic,*,*,*,*,,,,,
,Non-Hispanic,97.0,2.1,0.0,0.9,,,,,
,Asian,100.0,0.0,0.0,0.0,,,,,
,Black,*,*,*,*,,,,,
,White,96.8,2.2,0.0,1.0,,,,,
,Two or More Races,*,*,*,*,,,,,
,Male,95.0,4.3,0.0,0.6,,,,,
,Female,98.3,0.6,0.0,1.1,,,,,
,ELL,*,*,*,*,,,,,
,Non-ELL,96.7,2.4,0.0,0.9,,,,,
,Eligible For Free Lunch,85.7,0.0,0.0,14.3,,,,,
,Eligible For Reduced Lunch,*,*,*,*,,,,,
,Not Eligible For Lunch,97.2,2.5,0.0,0.3,,,,,
,Special Education,83.0,14.9,0.0,2.1,,,,,
,Non-Special Education,99.0,0.3,??,0.7,,,,,
Manchester School District,All Students,73.2,9.7,0.0,17.2,,,,,
,Hispanic,64.8,13.1,0.0,22.1,,,,,
,Non-Hispanic,75.8,8.6,0.0,15.7,,,,,
,Indian or Alaska Native,*,*,*,*,,,,,
,Asian,84.6,3.8,0.0,11.5,,,,,
,Black,67.3,12.5,0.0,20.2,,,,,
,White,78.8,7.7,0.0,13.5,,,,,
,Two or More Races,*,*,*,*,,,,,
,Male,67.7,13.7,0.0,18.6,,,,,
,Female,78.8,5.5,0.0,15.7,,,,,
,ELL,75.0,25.0,0.0,0.0,,,,,
,Non-ELL,73.1,9.2,0.0,17.7,,,,,
,Eligible For Free Lunch,60.8,13.2,0.0,25.9,,,,,
,Eligible For Reduced Lunch,75.7,8.1,0.0,16.2,,,,,
,Not Eligible For Lunch,83.6,6.9,0.0,9.5,,,,,
,Special Education,52.5,26.3,0.0,21.2,,,,,
,Non-Special Education,78.0,5.7,??,16.2,,,,,
Meriden School District,All Students,69.5,8.1,0.0,22.3,,,,,
,Hispanic,63.4,6.8,0.0,29.7,,,,,
,Non-Hispanic,74.4,9.2,0.0,16.4,,,,,
,Indian or Alaska Native,*,*,*,*,,,,,
,Asian,76.9,23.1,0.0,0.0,,,,,
,Black,64.3,13.1,0.0,22.6,,,,,
,Hawaiian or Pacific Islander,*,*,*,*,,,,,
,White,78.5,6.8,0.0,14.8,,,,,
,Two or More Races,58.3,16.7,0.0,25.0,,,,,
,Male,66.7,12.0,0.0,21.3,,,,,
,Female,72.0,4.8,0.0,23.2,,,,,
,ELL,50.7,16.4,0.0,32.9,,,,,
,Non-ELL,72.0,7.0,0.0,20.9,,,,,
,Eligible For Free Lunch,59.2,10.6,0.0,30.3,,,,,
,Eligible For Reduced Lunch,75.9,6.9,0.0,17.2,,,,,
,Not Eligible For Lunch,85.6,4.3,0.0,10.0,,,,,
,Special Education,45.3,24.5,0.0,30.2,,,,,
,Non-Special Education,74.5,4.8,??,20.7,,,,,
Middletown School District,All Students,76.1,9.5,0.0,14.4,,,,,
,Hispanic,63.0,17.4,0.0,19.6,,,,,
,Non-Hispanic,78.1,8.3,0.0,13.6,,,,,
,Asian,94.1,0.0,0.0,5.9,,,,,
,Black,78.4,5.7,0.0,15.9,,,,,
,White,77.1,10.6,0.0,12.2,,,,,
,Two or More Races,62.5,0.0,0.0,37.5,,,,,
,Male,72.3,13.9,0.0,13.9,,,,,
,Female,79.6,5.5,0.0,14.9,,,,,
,ELL,*,*,*,*,,,,,
,Non-ELL,76.1,9.6,0.0,14.3,,,,,
,Eligible For Free Lunch,66.1,12.9,0.0,21.0,,,,,
,Eligible For Reduced Lunch,71.4,14.3,0.0,14.3,,,,,
,Not Eligible For Lunch,83.5,6.4,0.0,10.1,,,,,
,Special Education,52.5,25.4,0.0,22.0,,,,,
,Non-Special Education,80.9,6.3,??,12.8,,,,,
Milford School District,All Students,86.0,8.9,0.0,5.0,,,,,
,Hispanic,65.6,21.9,0.0,12.5,,,,,
,Non-Hispanic,87.4,8.1,0.0,4.6,,,,,
,Indian or Alaska Native,*,*,*,*,,,,,
,Asian,94.7,5.3,0.0,0.0,,,,,
,Black,90.6,6.3,0.0,3.1,,,,,
,White,86.7,8.4,0.0,4.9,,,,,
,Male,82.5,10.6,0.0,6.8,,,,,
,Female,89.7,7.1,0.0,3.2,,,,,
,ELL,87.5,12.5,0.0,0.0,,,,,
,Non-ELL,86.0,8.9,0.0,5.1,,,,,
,Eligible For Free Lunch,68.9,18.9,0.0,12.2,,,,,
,Eligible For Reduced Lunch,75.4,12.3,0.0,12.3,,,,,
,Not Eligible For Lunch,91.8,6.0,0.0,2.2,,,,,
,Special Education,65.9,23.5,0.0,10.6,,,,,
,Non-Special Education,90.0,6.0,??,4.0,,,,,
Monroe School District,All Students,98.5,1.5,0.0,0.0,,,,,
,Hispanic,100.0,0.0,0.0,0.0,,,,,
,Non-Hispanic,98.5,1.5,0.0,0.0,,,,,
,Asian,100.0,0.0,0.0,0.0,,,,,
,Black,*,*,*,*,,,,,
,White,98.7,1.3,0.0,0.0,,,,,
,Male,98.4,1.6,0.0,0.0,,,,,
,Female,98.7,1.3,0.0,0.0,,,,,
,Non-ELL,98.5,1.5,0.0,0.0,,,,,
,Eligible For Free Lunch,95.0,5.0,0.0,0.0,,,,,
,Eligible For Reduced Lunch,100.0,0.0,0.0,0.0,,,,,
,Not Eligible For Lunch,98.7,1.3,0.0,0.0,,,,,
,Special Education,82.4,17.6,0.0,0.0,,,,,
,Non-Special Education,99.4,0.6,??,0.0,,,,,
Montville School District,All Students,86.5,1.8,0.0,11.7,,,,,
,Hispanic,76.9,0.0,0.0,23.1,,,,,
,Non-Hispanic,87.1,1.9,0.0,11.0,,,,,
,Indian or Alaska Native,*,*,*,*,,,,,
,Asian,100.0,0.0,0.0,0.0,,,,,
,Black,88.9,0.0,0.0,11.1,,,,,
,White,85.9,2.4,0.0,11.8,,,,,
,Two or More Races,100.0,0.0,0.0,0.0,,,,,
,Male,85.2,0.9,0.0,13.9,,,,,
,Female,88.0,2.8,0.0,9.3,,,,,
,ELL,100.0,0.0,0.0,0.0,,,,,
,Non-ELL,85.9,1.9,0.0,12.2,,,,,
,Eligible For Free Lunch,71.4,2.4,0.0,26.2,,,,,
,Eligible For Reduced Lunch,77.8,3.7,0.0,18.5,,,,,
,Not Eligible For Lunch,92.2,1.3,0.0,6.5,,,,,
,Special Education,55.3,10.5,0.0,34.2,,,,,
,Non-Special Education,93.0,0.0,??,7.0,,,,,
Naugatuck School District,All Students,84.2,4.3,0.0,11.4,,,,,
,Hispanic,77.0,3.3,0.0,19.7,,,,,
,Non-Hispanic,85.7,4.6,0.0,9.8,,,,,
,Indian or Alaska Native,*,*,*,*,,,,,
,Asian,100.0,0.0,0.0,0.0,,,,,
,Black,80.0,12.0,0.0,8.0,,,,,
,White,85.7,3.9,0.0,10.5,,,,,
,Two or More Races,88.9,11.1,0.0,0.0,,,,,
,Male,78.7,6.9,0.0,14.4,,,,,
,Female,90.0,1.7,0.0,8.3,,,,,
,ELL,85.7,14.3,0.0,0.0,,,,,
,Non-ELL,84.2,4.2,0.0,11.6,,,,,
,Eligible For Free Lunch,69.4,8.3,0.0,22.2,,,,,
,Eligible For Reduced Lunch,77.8,11.1,0.0,11.1,,,,,
,Not Eligible For Lunch,93.0,0.9,0.0,6.0,,,,,
,Special Education,68.6,19.6,0.0,11.8,,,,,
,Non-Special Education,86.8,1.9,??,11.4,,,,,
New Britain School District,All Students,60.5,13.9,0.0,25.6,,,,,
,Hispanic,49.9,16.7,0.0,33.4,,,,,
,Non-Hispanic,71.4,10.9,0.0,17.6,,,,,
,Asian,78.3,8.7,0.0,13.0,,,,,
,Black,71.3,14.8,0.0,13.9,,,,,
,White,71.3,9.2,0.0,19.5,,,,,
,Two or More Races,*,*,*,*,,,,,
,Male,58.6,15.7,0.0,25.7,,,,,
,Female,62.6,12.0,0.0,25.5,,,,,
,ELL,45.0,15.0,0.0,40.0,,,,,
,Non-ELL,64.0,13.6,0.0,22.4,,,,,
,Eligible For Free Lunch,50.6,17.5,0.0,31.9,,,,,
,Eligible For Reduced Lunch,70.3,13.2,0.0,16.5,,,,,
,Not Eligible For Lunch,81.4,4.5,0.0,14.1,,,,,
,Special Education,36.8,32.5,0.0,30.7,,,,,
,Non-Special Education,65.5,10.0,??,24.5,,,,,
New Canaan School District,All Students,97.0,3.0,0.0,0.0,,,,,
,Hispanic,92.3,7.7,0.0,0.0,,,,,
,Non-Hispanic,97.2,2.8,0.0,0.0,,,,,
,Indian or Alaska Native,*,*,*,*,,,,,
,Asian,100.0,0.0,0.0,0.0,,,,,
,Black,*,*,*,*,,,,,
,Hawaiian or Pacific Islander,*,*,*,*,,,,,
,White,97.6,2.4,0.0,0.0,,,,,
,Two or More Races,*,*,*,*,,,,,
,Male,94.8,5.2,0.0,0.0,,,,,
,Female,98.9,1.1,0.0,0.0,,,,,
,ELL,*,*,*,*,,,,,
,Non-ELL,96.9,3.1,0.0,0.0,,,,,
,Eligible For Reduced Lunch,*,*,*,*,,,,,
,Not Eligible For Lunch,96.9,3.1,0.0,0.0,,,,,
,Special Education,84.8,15.2,0.0,0.0,,,,,
,Non-Special Education,98.9,1.1,??,0.0,,,,,
New Fairfield School District,All Students,97.8,0.9,0.0,1.3,,,,,
,Hispanic,100.0,0.0,0.0,0.0,,,,,
,Non-Hispanic,97.7,0.9,0.0,1.4,,,,,
,Asian,*,*,*,*,,,,,
,Black,*,*,*,*,,,,,
,White,97.7,0.9,0.0,1.4,,,,,
,Two or More Races,*,*,*,*,,,,,
,Male,98.0,1.0,0.0,1.0,,,,,
,Female,97.7,0.8,0.0,1.5,,,,,
,ELL,*,*,*,*,,,,,
,Non-ELL,97.8,0.9,0.0,1.3,,,,,
,Eligible For Free Lunch,100.0,0.0,0.0,0.0,,,,,
,Eligible For Reduced Lunch,88.2,0.0,0.0,11.8,,,,,
,Not Eligible For Lunch,98.5,1.0,0.0,0.5,,,,,
,Special Education,82.6,8.7,0.0,8.7,,,,,
,Non-Special Education,99.5,0.0,??,0.5,,,,,
New Haven School District,All Students,70.9,8.4,0.0,20.7,,,,,
,Hispanic,64.3,8.4,0.0,27.3,,,,,
,Non-Hispanic,74.0,8.4,0.0,17.6,,,,,
,Indian or Alaska Native,*,*,*,*,,,,,
,Asian,86.4,0.0,0.0,13.6,,,,,
,Black,70.1,10.3,0.0,19.6,,,,,
,White,85.6,2.9,0.0,11.5,,,,,
,Two or More Races,*,*,*,*,,,,,
,Male,63.7,11.3,0.0,25.0,,,,,
,Female,76.6,6.1,0.0,17.3,,,,,
,ELL,62.3,6.2,0.0,31.5,,,,,
,Non-ELL,71.9,8.7,0.0,19.4,,,,,
,Eligible For Free Lunch,67.5,8.8,0.0,23.7,,,,,
,Eligible For Reduced Lunch,83.9,5.0,0.0,11.0,,,,,
,Not Eligible For Lunch,72.0,10.5,0.0,17.5,,,,,
,Special Education,52.1,30.2,0.0,17.8,,,,,
,Non-Special Education,73.6,5.2,??,21.2,,,,,
Newington School District,All Students,89.1,5.0,0.0,5.9,,,,,
,Hispanic,81.3,6.3,0.0,12.5,,,,,
,Non-Hispanic,89.9,4.9,0.0,5.2,,,,,
,Asian,90.5,0.0,0.0,9.5,,,,,
,Black,77.8,11.1,0.0,11.1,,,,,
,White,89.8,5.3,0.0,4.9,,,,,
,Two or More Races,100.0,0.0,0.0,0.0,,,,,
,Male,83.5,6.6,0.0,9.9,,,,,
,Female,95.5,3.2,0.0,1.3,,,,,
,ELL,88.9,0.0,0.0,11.1,,,,,
,Non-ELL,89.1,5.2,0.0,5.8,,,,,
,Eligible For Free Lunch,73.7,5.3,0.0,21.1,,,,,
,Eligible For Reduced Lunch,82.8,13.8,0.0,3.4,,,,,
,Not Eligible For Lunch,91.9,4.1,0.0,4.1,,,,,
,Special Education,59.1,29.5,0.0,11.4,,,,,
,Non-Special Education,93.5,1.4,??,5.1,,,,,
New London School District,All Students,61.9,15.5,0.0,22.6,,,,,
,Hispanic,57.8,16.7,0.0,25.5,,,,,
,Non-Hispanic,65.0,14.6,0.0,20.4,,,,,
,Indian or Alaska Native,*,*,*,*,,,,,
,Asian,*,*,*,*,,,,,
,Black,63.5,17.6,0.0,18.9,,,,,
,White,66.0,10.6,0.0,23.4,,,,,
,Two or More Races,*,*,*,*,,,,,
,Male,61.4,15.2,0.0,23.5,,,,,
,Female,62.6,15.9,0.0,21.5,,,,,
,ELL,60.4,15.1,0.0,24.5,,,,,
,Non-ELL,62.4,15.6,0.0,22.0,,,,,
,Eligible For Free Lunch,63.5,14.7,0.0,21.8,,,,,
,Eligible For Reduced Lunch,62.5,20.8,0.0,16.7,,,,,
,Not Eligible For Lunch,44.4,16.7,0.0,38.9,,,,,
,Special Education,42.1,35.1,0.0,22.8,,,,,
,Non-Special Education,68.1,9.3,??,22.5,,,,,
New Milford School District,All Students,90.3,4.1,0.0,5.6,,,,,
,Hispanic,85.2,11.1,0.0,3.7,,,,,
,Non-Hispanic,90.6,3.6,0.0,5.8,,,,,
,Asian,100.0,0.0,0.0,0.0,,,,,
,Black,100.0,0.0,0.0,0.0,,,,,
,White,89.9,3.9,0.0,6.3,,,,,
,Two or More Races,*,*,*,*,,,,,
,Male,87.0,6.7,0.0,6.3,,,,,
,Female,94.0,1.1,0.0,4.9,,,,,
,ELL,*,*,*,*,,,,,
,Non-ELL,90.7,3.6,0.0,5.7,,,,,
,Eligible For Free Lunch,73.0,13.5,0.0,13.5,,,,,
,Eligible For Reduced Lunch,90.9,9.1,0.0,0.0,,,,,
,Not Eligible For Lunch,92.1,2.7,0.0,5.1,,,,,
,Special Education,69.0,20.7,0.0,10.3,,,,,
,Non-Special Education,94.0,1.2,??,4.8,,,,,
Newtown School District,All Students,94.8,2.2,0.0,3.0,,,,,
,Hispanic,100.0,0.0,0.0,0.0,,,,,
,Non-Hispanic,94.7,2.3,0.0,3.0,,,,,
,Asian,90.0,5.0,0.0,5.0,,,,,
,Black,*,*,*,*,,,,,
,White,94.9,2.1,0.0,2.9,,,,,
,Male,94.7,2.4,0.0,2.9,,,,,
,Female,95.0,2.0,0.0,3.0,,,,,
,ELL,*,*,*,*,,,,,
,Non-ELL,94.8,2.2,0.0,3.0,,,,,
,Eligible For Free Lunch,80.0,13.3,0.0,6.7,,,,,
,Eligible For Reduced Lunch,100.0,0.0,0.0,0.0,,,,,
,Not Eligible For Lunch,95.3,1.8,0.0,2.9,,,,,
,Special Education,78.9,15.8,0.0,5.3,,,,,
,Non-Special Education,96.5,0.8,??,2.7,,,,,
North Branford School District,All Students,91.4,3.1,0.0,5.6,,,,,
,Hispanic,*,*,*,*,,,,,
,Non-Hispanic,91.2,3.1,0.0,5.7,,,,,
,Asian,*,*,*,*,,,,,
,Black,71.4,14.3,0.0,14.3,,,,,
,White,91.8,2.7,0.0,5.4,,,,,
,Male,90.5,2.7,0.0,6.8,,,,,
,Female,92.0,3.4,0.0,4.5,,,,,
,ELL,*,*,*,*,,,,,
,Non-ELL,91.3,3.1,0.0,5.6,,,,,
,Eligible For Free Lunch,80.0,10.0,0.0,10.0,,,,,
,Eligible For Reduced Lunch,77.8,0.0,0.0,22.2,,,,,
,Not Eligible For Lunch,93.0,2.8,0.0,4.2,,,,,
,Special Education,56.3,31.3,0.0,12.5,,,,,
,Non-Special Education,95.2,0.0,??,4.8,,,,,
North Haven School District,All Students,92.5,3.8,0.0,3.8,,,,,
,Hispanic,72.7,9.1,0.0,18.2,,,,,
,Non-Hispanic,94.1,3.3,0.0,2.6,,,,,
,Asian,95.7,4.3,0.0,0.0,,,,,
,Black,90.0,0.0,0.0,10.0,,,,,
,White,93.9,3.5,0.0,2.6,,,,,
,Two or More Races,100.0,0.0,0.0,0.0,,,,,
,Male,91.7,4.9,0.0,3.5,,,,,
,Female,93.2,2.7,0.0,4.1,,,,,
,ELL,*,*,*,*,,,,,
,Non-ELL,92.3,3.8,0.0,3.8,,,,,
,Eligible For Free Lunch,71.4,7.1,0.0,21.4,,,,,
,Eligible For Reduced Lunch,86.7,0.0,0.0,13.3,,,,,
,Not Eligible For Lunch,95.2,3.6,0.0,1.2,,,,,
,Special Education,58.1,32.3,0.0,9.7,,,,,
,Non-Special Education,96.6,0.4,??,3.1,,,,,
North Stonington School District,All Students,87.0,7.4,0.0,5.6,,,,,
,Non-Hispanic,87.0,7.4,0.0,5.6,,,,,
,Indian or Alaska Native,*,*,*,*,,,,,
,White,88.5,7.7,0.0,3.8,,,,,
,Two or More Races,*,*,*,*,,,,,
,Male,80.0,11.4,0.0,8.6,,,,,
,Female,100.0,0.0,0.0,0.0,,,,,
,Non-ELL,87.0,7.4,0.0,5.6,,,,,
,Eligible For Free Lunch,*,*,*,*,,,,,
,Eligible For Reduced Lunch,*,*,*,*,,,,,
,Not Eligible For Lunch,88.9,8.9,0.0,2.2,,,,,
,Special Education,*,*,*,*,,,,,
,Non-Special Education,91.7,2.1,??,6.3,,,,,
Norwalk School District,All Students,84.9,4.1,0.0,11.0,,,,,
,Hispanic,76.7,6.4,0.0,16.9,,,,,
,Non-Hispanic,89.1,2.9,0.0,8.0,,,,,
,Indian or Alaska Native,100.0,0.0,0.0,0.0,,,,,
,Asian,89.7,2.6,0.0,7.7,,,,,
,Black,84.5,4.7,0.0,10.8,,,,,
,White,92.0,1.6,0.0,6.4,,,,,
,Two or More Races,*,*,*,*,,,,,
,Male,80.4,5.7,0.0,13.9,,,,,
,Female,89.1,2.7,0.0,8.2,,,,,
,ELL,64.2,13.6,0.0,22.2,,,,,
,Non-ELL,87.0,3.2,0.0,9.8,,,,,
,Eligible For Free Lunch,75.8,7.8,0.0,16.4,,,,,
,Eligible For Reduced Lunch,79.8,5.3,0.0,14.9,,,,,
,Not Eligible For Lunch,91.0,1.8,0.0,7.2,,,,,
,Special Education,74.3,12.4,0.0,13.3,,,,,
,Non-Special Education,86.3,3.0,??,10.7,,,,,
Norwich School District,All Students,22.4,26.9,0.0,50.7,,,,,
,Hispanic,16.7,25.0,0.0,58.3,,,,,
,Non-Hispanic,23.6,27.3,0.0,49.1,,,,,
,Asian,*,*,*,*,,,,,
,Black,18.8,37.5,0.0,43.8,,,,,
,White,25.0,25.0,0.0,50.0,,,,,
,Two or More Races,*,*,*,*,,,,,
,Male,23.5,32.4,0.0,44.1,,,,,
,Female,21.2,21.2,0.0,57.6,,,,,
,Non-ELL,22.4,26.9,0.0,50.7,,,,,
,Eligible For Free Lunch,17.1,14.3,0.0,68.6,,,,,
,Eligible For Reduced Lunch,*,*,*,*,,,,,
,Not Eligible For Lunch,29.6,37.0,0.0,33.3,,,,,
,Special Education,26.3,42.1,0.0,31.6,,,,,
,Non-Special Education,17.2,6.9,??,75.9,,,,,
Old Saybrook School District,All Students,95.8,2.1,0.0,2.1,,,,,
,Hispanic,*,*,*,*,,,,,
,Non-Hispanic,95.8,2.1,0.0,2.1,,,,,
,Asian,87.5,12.5,0.0,0.0,,,,,
,Black,*,*,*,*,,,,,
,White,96.2,1.5,0.0,2.3,,,,,
,Male,97.0,0.0,0.0,3.0,,,,,
,Female,94.9,3.8,0.0,1.3,,,,,
,ELL,*,*,*,*,,,,,
,Non-ELL,95.7,2.1,0.0,2.1,,,,,
,Eligible For Free Lunch,80.0,0.0,0.0,20.0,,,,,
,Eligible For Reduced Lunch,*,*,*,*,,,,,
,Not Eligible For Lunch,97.7,1.5,0.0,0.8,,,,,
,Special Education,83.3,11.1,0.0,5.6,,,,,
,Non-Special Education,97.6,0.8,??,1.6,,,,,
Oxford School District,All Students,91.8,0.0,0.0,8.2,,,,,
,Hispanic,*,*,*,*,,,,,
,Non-Hispanic,91.5,0.0,0.0,8.5,,,,,
,Asian,*,*,*,*,,,,,
,Black,75.0,0.0,0.0,25.0,,,,,
,White,92.3,0.0,0.0,7.7,,,,,
,Male,90.9,0.0,0.0,9.1,,,,,
,Female,92.8,0.0,0.0,7.2,,,,,
,Non-ELL,91.8,0.0,0.0,8.2,,,,,
,Eligible For Free Lunch,66.7,0.0,0.0,33.3,,,,,
,Eligible For Reduced Lunch,57.1,0.0,0.0,42.9,,,,,
,Not Eligible For Lunch,95.4,0.0,0.0,4.6,,,,,
,Special Education,77.8,0.0,0.0,22.2,,,,,
,Non-Special Education,92.7,0.0,??,7.3,,,,,
Plainfield School District,All Students,85.2,6.4,0.0,8.4,,,,,
,Hispanic,100.0,0.0,0.0,0.0,,,,,
,Non-Hispanic,84.7,6.6,0.0,8.7,,,,,
,Indian or Alaska Native,*,*,*,*,,,,,
,Asian,*,*,*,*,,,,,
,Black,85.7,0.0,0.0,14.3,,,,,
,White,84.8,7.1,0.0,8.2,,,,,
,Male,84.5,5.5,0.0,10.0,,,,,
,Female,86.0,7.5,0.0,6.5,,,,,
,ELL,*,*,*,*,,,,,
,Non-ELL,85.1,6.4,0.0,8.4,,,,,
,Eligible For Free Lunch,73.5,10.2,0.0,16.3,,,,,
,Eligible For Reduced Lunch,91.3,0.0,0.0,8.7,,,,,
,Not Eligible For Lunch,88.5,6.1,0.0,5.3,,,,,
,Special Education,62.2,20.0,0.0,17.8,,,,,
,Non-Special Education,91.8,2.5,??,5.7,,,,,
Plainville School District,All Students,92.8,2.9,0.0,4.3,,,,,
,Hispanic,88.2,0.0,0.0,11.8,,,,,
,Non-Hispanic,93.2,3.2,0.0,3.7,,,,,
,Indian or Alaska Native,*,*,*,*,,,,,
,Asian,*,*,*,*,,,,,
,Black,84.6,7.7,0.0,7.7,,,,,
,Hawaiian or Pacific Islander,*,*,*,*,,,,,
,White,93.3,3.1,0.0,3.7,,,,,
,Two or More Races,*,*,*,*,,,,,
,Male,95.9,2.0,0.0,2.0,,,,,
,Female,89.9,3.7,0.0,6.4,,,,,
,ELL,*,*,*,*,,,,,
,Non-ELL,92.6,2.9,0.0,4.4,,,,,
,Eligible For Free Lunch,89.2,2.7,0.0,8.1,,,,,
,Eligible For Reduced Lunch,88.5,0.0,0.0,11.5,,,,,
,Not Eligible For Lunch,94.4,3.5,0.0,2.1,,,,,
,Special Education,65.5,20.7,0.0,13.8,,,,,
,Non-Special Education,97.2,0.0,??,2.8,,,,,
Plymouth School District,All Students,84.2,7.9,0.0,7.9,,,,,
,Hispanic,*,*,*,*,,,,,
,Non-Hispanic,84.7,8.0,0.0,7.3,,,,,
,Indian or Alaska Native,*,*,*,*,,,,,
,Asian,*,*,*,*,,,,,
,Black,*,*,*,*,,,,,
,White,85.6,6.8,0.0,7.6,,,,,
,Male,84.5,8.5,0.0,7.0,,,,,
,Female,83.8,7.4,0.0,8.8,,,,,
,Non-ELL,84.2,7.9,0.0,7.9,,,,,
,Eligible For Free Lunch,72.4,6.9,0.0,20.7,,,,,
,Eligible For Reduced Lunch,86.7,6.7,0.0,6.7,,,,,
,Not Eligible For Lunch,87.4,8.4,0.0,4.2,,,,,
,Special Education,41.2,41.2,0.0,17.6,,,,,
,Non-Special Education,90.2,3.3,??,6.6,,,,,
Portland School District,All Students,91.3,0.0,0.0,8.7,,,,,
,Hispanic,*,*,*,*,,,,,
,Non-Hispanic,93.1,0.0,0.0,6.9,,,,,
,Black,*,*,*,*,,,,,
,White,95.2,0.0,0.0,4.8,,,,,
,Two or More Races,*,*,*,*,,,,,
,Male,90.4,0.0,0.0,9.6,,,,,
,Female,92.5,0.0,0.0,7.5,,,,,
,ELL,*,*,*,*,,,,,
,Non-ELL,93.3,0.0,0.0,6.7,,,,,
,Eligible For Free Lunch,72.2,0.0,0.0,27.8,,,,,
,Eligible For Reduced Lunch,*,*,*,*,,,,,
,Not Eligible For Lunch,95.7,0.0,0.0,4.3,,,,,
,Special Education,85.7,0.0,0.0,14.3,,,,,
,Non-Special Education,91.8,0.0,??,8.2,,,,,
Putnam School District,All Students,81.5,13.8,0.0,4.6,,,,,
,Hispanic,*,*,*,*,,,,,
,Non-Hispanic,83.3,13.3,0.0,3.3,,,,,
,Indian or Alaska Native,*,*,*,*,,,,,
,White,87.7,8.8,0.0,3.5,,,,,
,Two or More Races,*,*,*,*,,,,,
,Male,81.6,13.2,0.0,5.3,,,,,
,Female,81.5,14.8,0.0,3.7,,,,,
,ELL,*,*,*,*,,,,,
,Non-ELL,80.6,14.5,0.0,4.8,,,,,
,Eligible For Free Lunch,75.0,20.0,0.0,5.0,,,,,
,Eligible For Reduced Lunch,84.6,7.7,0.0,7.7,,,,,
,Not Eligible For Lunch,84.4,12.5,0.0,3.1,,,,,
,Special Education,45.5,36.4,0.0,18.2,,,,,
,Non-Special Education,88.9,9.3,??,1.9,,,,,
Ridgefield School District,All Students,98.2,1.4,0.0,0.5,,,,,
,Hispanic,87.5,6.3,0.0,6.3,,,,,
,Non-Hispanic,98.6,1.2,0.0,0.2,,,,,
,Asian,90.0,10.0,0.0,0.0,,,,,
,Black,*,*,*,*,,,,,
,White,98.8,1.0,0.0,0.2,,,,,
,Two or More Races,*,*,*,*,,,,,
,Male,97.9,1.7,0.0,0.4,,,,,
,Female,98.6,1.0,0.0,0.5,,,,,
,Non-ELL,98.2,1.4,0.0,0.5,,,,,
,Eligible For Free Lunch,100.0,0.0,0.0,0.0,,,,,
,Eligible For Reduced Lunch,*,*,*,*,,,,,
,Not Eligible For Lunch,98.1,1.4,0.0,0.5,,,,,
,Special Education,92.3,7.7,0.0,0.0,,,,,
,Non-Special Education,99.0,0.5,??,0.5,,,,,
Rocky Hill School District,All Students,91.8,3.8,0.0,4.3,,,,,
,Hispanic,60.0,20.0,0.0,20.0,,,,,
,Non-Hispanic,94.3,2.6,0.0,3.1,,,,,
,Indian or Alaska Native,*,*,*,*,,,,,
,Asian,100.0,0.0,0.0,0.0,,,,,
,Black,84.6,7.7,0.0,7.7,,,,,
,White,94.5,2.4,0.0,3.0,,,,,
,Male,89.1,6.4,0.0,4.5,,,,,
,Female,94.9,1.0,0.0,4.1,,,,,
,ELL,*,*,*,*,,,,,
,Non-ELL,92.2,3.4,0.0,4.4,,,,,
,Eligible For Free Lunch,68.8,6.3,0.0,25.0,,,,,
,Eligible For Reduced Lunch,100.0,0.0,0.0,0.0,,,,,
,Not Eligible For Lunch,93.4,3.8,0.0,2.7,,,,,
,Special Education,71.4,19.0,0.0,9.5,,,,,
,Non-Special Education,94.1,2.1,??,3.7,,,,,
Seymour School District,All Students,87.0,6.5,0.0,6.5,,,,,
,Hispanic,75.0,8.3,0.0,16.7,,,,,
,Non-Hispanic,88.0,6.3,0.0,5.6,,,,,
,Asian,*,*,*,*,,,,,
,Black,*,*,*,*,,,,,
,White,87.6,6.6,0.0,5.8,,,,,
,Male,80.5,11.7,0.0,7.8,,,,,
,Female,93.5,1.3,0.0,5.2,,,,,
,ELL,*,*,*,*,,,,,
,Non-ELL,86.8,6.6,0.0,6.6,,,,,
,Eligible For Free Lunch,65.5,20.7,0.0,13.8,,,,,
,Eligible For Reduced Lunch,100.0,0.0,0.0,0.0,,,,,
,Not Eligible For Lunch,91.2,3.5,0.0,5.3,,,,,
,Special Education,37.5,50.0,0.0,12.5,,,,,
,Non-Special Education,92.8,1.4,??,5.8,,,,,
Shelton School District,All Students,91.4,3.5,0.0,5.1,,,,,
,Hispanic,74.2,12.9,0.0,12.9,,,,,
,Non-Hispanic,92.7,2.8,0.0,4.5,,,,,
,Indian or Alaska Native,*,*,*,*,,,,,
,Asian,100.0,0.0,0.0,0.0,,,,,
,Black,68.8,6.3,0.0,25.0,,,,,
,White,93.6,2.8,0.0,3.6,,,,,
,Male,90.1,4.7,0.0,5.2,,,,,
,Female,92.6,2.3,0.0,5.1,,,,,
,ELL,*,*,*,*,,,,,
,Non-ELL,91.5,3.3,0.0,5.2,,,,,
,Eligible For Free Lunch,75.0,9.6,0.0,15.4,,,,,
,Eligible For Reduced Lunch,75.0,14.3,0.0,10.7,,,,,
,Not Eligible For Lunch,95.1,1.7,0.0,3.2,,,,,
,Special Education,62.5,15.6,0.0,21.9,,,,,
,Non-Special Education,93.7,2.5,??,3.8,,,,,
Simsbury School District,All Students,95.6,3.4,0.0,1.0,,,,,
,Hispanic,95.7,4.3,0.0,0.0,,,,,
,Non-Hispanic,95.6,3.4,0.0,1.0,,,,,
,Asian,100.0,0.0,0.0,0.0,,,,,
,Black,82.4,17.6,0.0,0.0,,,,,
,White,96.2,2.9,0.0,0.9,,,,,
,Two or More Races,*,*,*,*,,,,,
,Male,94.6,4.1,0.0,1.4,,,,,
,Female,96.8,2.7,0.0,0.5,,,,,
,ELL,*,*,*,*,,,,,
,Non-ELL,95.6,3.4,0.0,1.0,,,,,
,Eligible For Free Lunch,75.0,12.5,0.0,12.5,,,,,
,Eligible For Reduced Lunch,87.5,12.5,0.0,0.0,,,,,
,Not Eligible For Lunch,97.1,2.7,0.0,0.3,,,,,
,Special Education,83.3,14.6,0.0,2.1,,,,,
,Non-Special Education,97.2,1.9,??,0.8,,,,,
Somers School District,All Students,95.8,2.1,0.0,2.1,,,,,
,Hispanic,*,*,*,*,,,,,
,Non-Hispanic,96.4,2.2,0.0,1.5,,,,,
,Indian or Alaska Native,*,*,*,*,,,,,
,Asian,*,*,*,*,,,,,
,Black,*,*,*,*,,,,,
,White,96.1,2.3,0.0,1.6,,,,,
,Two or More Races,*,*,*,*,,,,,
,Male,92.9,4.3,0.0,2.9,,,,,
,Female,98.6,0.0,0.0,1.4,,,,,
,ELL,*,*,*,*,,,,,
,Non-ELL,96.4,1.4,0.0,2.1,,,,,
,Eligible For Free Lunch,*,*,*,*,,,,,
,Eligible For Reduced Lunch,100.0,0.0,0.0,0.0,,,,,
,Not Eligible For Lunch,96.9,2.3,0.0,0.8,,,,,
,Special Education,63.6,27.3,0.0,9.1,,,,,
,Non-Special Education,98.5,0.0,??,1.5,,,,,
Southington School District,All Students,91.6,5.8,0.0,2.6,,,,,
,Hispanic,100.0,0.0,0.0,0.0,,,,,
,Non-Hispanic,91.3,6.0,0.0,2.7,,,,,
,Indian or Alaska Native,*,*,*,*,,,,,
,Asian,91.3,8.7,0.0,0.0,,,,,
,Black,75.0,16.7,0.0,8.3,,,,,
,White,91.9,5.6,0.0,2.5,,,,,
,Male,90.8,6.3,0.0,2.9,,,,,
,Female,92.3,5.4,0.0,2.3,,,,,
,ELL,71.4,28.6,0.0,0.0,,,,,
,Non-ELL,91.9,5.5,0.0,2.6,,,,,
,Eligible For Free Lunch,77.6,13.8,0.0,8.6,,,,,
,Eligible For Reduced Lunch,85.2,7.4,0.0,7.4,,,,,
,Not Eligible For Lunch,93.9,4.6,0.0,1.5,,,,,
,Special Education,69.6,27.5,0.0,2.9,,,,,
,Non-Special Education,95.1,2.3,??,2.6,,,,,
South Windsor School District,All Students,93.8,4.4,0.0,1.8,,,,,
,Hispanic,71.4,14.3,0.0,14.3,,,,,
,Non-Hispanic,95.1,3.8,0.0,1.1,,,,,
,Indian or Alaska Native,*,*,*,*,,,,,
,Asian,89.7,10.3,0.0,0.0,,,,,
,Black,95.5,0.0,0.0,4.5,,,,,
,White,95.5,3.5,0.0,1.0,,,,,
,Male,91.1,7.5,0.0,1.4,,,,,
,Female,97.1,0.6,0.0,2.3,,,,,
,ELL,*,*,*,*,,,,,
,Non-ELL,94.2,3.9,0.0,1.8,,,,,
,Eligible For Free Lunch,70.8,16.7,0.0,12.5,,,,,
,Eligible For Reduced Lunch,90.9,9.1,0.0,0.0,,,,,
,Not Eligible For Lunch,95.4,3.4,0.0,1.1,,,,,
,Special Education,78.2,18.2,0.0,3.6,,,,,
,Non-Special Education,96.4,2.1,??,1.5,,,,,
Stafford School District,All Students,88.0,2.1,0.0,9.9,,,,,
,Hispanic,*,*,*,*,,,,,
,Non-Hispanic,87.9,2.1,0.0,10.0,,,,,
,Asian,*,*,*,*,,,,,
,Black,*,*,*,*,,,,,
,White,87.4,2.2,0.0,10.4,,,,,
,Two or More Races,*,*,*,*,,,,,
,Male,85.5,1.4,0.0,13.0,,,,,
,Female,90.4,2.7,0.0,6.8,,,,,
,Non-ELL,88.0,2.1,0.0,9.9,,,,,
,Eligible For Free Lunch,66.7,9.5,0.0,23.8,,,,,
,Eligible For Reduced Lunch,95.8,0.0,0.0,4.2,,,,,
,Not Eligible For Lunch,90.7,1.0,0.0,8.2,,,,,
,Special Education,86.7,6.7,0.0,6.7,,,,,
,Non-Special Education,88.2,1.6,??,10.2,,,,,
Stamford School District,All Students,85.2,5.8,0.0,8.9,,,,,
,Hispanic,76.1,7.7,0.0,16.2,,,,,
,Non-Hispanic,88.9,5.1,0.0,6.0,,,,,
,Asian,87.1,5.7,0.0,7.1,,,,,
,Black,81.7,10.4,0.0,8.0,,,,,
,White,93.4,1.8,0.0,4.7,,,,,
,Two or More Races,*,*,*,*,,,,,
,Male,82.2,8.1,0.0,9.7,,,,,
,Female,88.4,3.5,0.0,8.1,,,,,
,ELL,63.4,12.4,0.0,24.2,,,,,
,Non-ELL,88.5,4.8,0.0,6.7,,,,,
,Eligible For Free Lunch,75.6,11.2,0.0,13.2,,,,,
,Eligible For Reduced Lunch,88.6,5.1,0.0,6.3,,,,,
,Not Eligible For Lunch,92.2,1.6,0.0,6.2,,,,,
,Special Education,74.8,16.8,0.0,8.4,,,,,
,Non-Special Education,86.7,4.3,??,9.0,,,,,
Stonington School District,All Students,92.3,2.7,0.0,4.9,,,,,
,Hispanic,*,*,*,*,,,,,
,Non-Hispanic,92.3,2.8,0.0,5.0,,,,,
,White,92.3,2.8,0.0,5.0,,,,,
,Male,89.6,5.2,0.0,5.2,,,,,
,Female,95.3,0.0,0.0,4.7,,,,,
,Non-ELL,92.3,2.7,0.0,4.9,,,,,
,Eligible For Free Lunch,94.1,0.0,0.0,5.9,,,,,
,Eligible For Reduced Lunch,81.8,0.0,0.0,18.2,,,,,
,Not Eligible For Lunch,92.9,3.2,0.0,3.9,,,,,
,Special Education,71.4,14.3,0.0,14.3,,,,,
,Non-Special Education,95.0,1.2,??,3.7,,,,,
Stratford School District,All Students,86.5,5.0,0.0,8.5,,,,,
,Hispanic,80.0,5.7,0.0,14.3,,,,,
,Non-Hispanic,88.5,4.7,0.0,6.7,,,,,
,Indian or Alaska Native,*,*,*,*,,,,,
,Asian,85.7,0.0,0.0,14.3,,,,,
,Black,84.7,4.7,0.0,10.7,,,,,
,White,91.2,5.1,0.0,3.7,,,,,
,Two or More Races,*,*,*,*,,,,,
,Male,82.0,6.7,0.0,11.3,,,,,
,Female,90.7,3.3,0.0,6.0,,,,,
,ELL,81.8,4.5,0.0,13.6,,,,,
,Non-ELL,86.7,5.0,0.0,8.3,,,,,
,Eligible For Free Lunch,78.0,7.1,0.0,14.9,,,,,
,Eligible For Reduced Lunch,83.3,6.4,0.0,10.3,,,,,
,Not Eligible For Lunch,91.4,3.5,0.0,5.0,,,,,
,Special Education,53.6,25.0,0.0,21.4,,,,,
,Non-Special Education,90.0,2.8,??,7.2,,,,,
Suffield School District,All Students,90.8,2.9,0.0,6.3,,,,,
,Hispanic,*,*,*,*,,,,,
,Non-Hispanic,90.5,3.0,0.0,6.5,,,,,
,Asian,75.0,25.0,0.0,0.0,,,,,
,Black,71.4,0.0,0.0,28.6,,,,,
,White,91.9,2.2,0.0,5.9,,,,,
,Male,92.5,2.8,0.0,4.7,,,,,
,Female,89.0,3.0,0.0,8.0,,,,,
,Non-ELL,90.8,2.9,0.0,6.3,,,,,
,Eligible For Free Lunch,64.3,7.1,0.0,28.6,,,,,
,Eligible For Reduced Lunch,70.0,10.0,0.0,20.0,,,,,
,Not Eligible For Lunch,94.0,2.2,0.0,3.8,,,,,
,Special Education,72.7,13.6,0.0,13.6,,,,,
,Non-Special Education,93.0,1.6,??,5.4,,,,,
Thomaston School District,All Students,91.3,3.3,0.0,5.4,,,,,
,Hispanic,*,*,*,*,,,,,
,Non-Hispanic,91.0,3.4,0.0,5.6,,,,,
,Asian,*,*,*,*,,,,,
,White,92.0,2.3,0.0,5.7,,,,,
,Male,88.6,4.5,0.0,6.8,,,,,
,Female,93.8,2.1,0.0,4.2,,,,,
,ELL,*,*,*,*,,,,,
,Non-ELL,92.3,2.2,0.0,5.5,,,,,
,Eligible For Free Lunch,83.3,0.0,0.0,16.7,,,,,
,Eligible For Reduced Lunch,90.0,0.0,0.0,10.0,,,,,
,Not Eligible For Lunch,92.9,4.3,0.0,2.9,,,,,
,Special Education,84.2,10.5,0.0,5.3,,,,,
,Non-Special Education,93.2,1.4,??,5.5,,,,,
Thompson School District,All Students,85.1,4.0,0.0,10.9,,,,,
,Hispanic,*,*,*,*,,,,,
,Non-Hispanic,85.9,3.0,0.0,11.1,,,,,
,Indian or Alaska Native,*,*,*,*,,,,,
,Black,*,*,*,*,,,,,
,White,86.5,3.1,0.0,10.4,,,,,
,Male,78.4,7.8,0.0,13.7,,,,,
,Female,92.0,0.0,0.0,8.0,,,,,
,Non-ELL,85.1,4.0,0.0,10.9,,,,,
,Eligible For Free Lunch,66.7,14.3,0.0,19.0,,,,,
,Eligible For Reduced Lunch,63.6,9.1,0.0,27.3,,,,,
,Not Eligible For Lunch,94.2,0.0,0.0,5.8,,,,,
,Special Education,63.6,0.0,0.0,36.4,,,,,
,Non-Special Education,87.8,4.4,??,7.8,,,,,
Tolland School District,All Students,96.5,1.7,0.0,1.7,,,,,
,Hispanic,*,*,*,*,,,,,
,Non-Hispanic,96.9,1.7,0.0,1.3,,,,,
,Asian,*,*,*,*,,,,,
,Black,*,*,*,*,,,,,
,White,96.8,1.8,0.0,1.4,,,,,
,Male,95.8,3.3,0.0,0.8,,,,,
,Female,97.3,0.0,0.0,2.7,,,,,
,Non-ELL,96.5,1.7,0.0,1.7,,,,,
,Eligible For Free Lunch,100.0,0.0,0.0,0.0,,,,,
,Eligible For Reduced Lunch,*,*,*,*,,,,,
,Not Eligible For Lunch,96.8,1.4,0.0,1.8,,,,,
,Special Education,87.0,8.7,0.0,4.3,,,,,
,Non-Special Education,97.6,1.0,??,1.4,,,,,
Torrington School District,All Students,79.7,5.3,0.0,15.0,,,,,
,Hispanic,67.4,9.3,0.0,23.3,,,,,
,Non-Hispanic,81.8,4.7,0.0,13.6,,,,,
,Indian or Alaska Native,*,*,*,*,,,,,
,Asian,100.0,0.0,0.0,0.0,,,,,
,Black,83.3,3.3,0.0,13.3,,,,,
,White,80.6,5.1,0.0,14.3,,,,,
,Two or More Races,*,*,*,*,,,,,
,Male,77.6,8.3,0.0,14.1,,,,,
,Female,82.1,2.1,0.0,15.9,,,,,
,ELL,61.5,30.8,0.0,7.7,,,,,
,Non-ELL,80.6,4.2,0.0,15.3,,,,,
,Eligible For Free Lunch,60.4,11.0,0.0,28.6,,,,,
,Eligible For Reduced Lunch,73.5,2.9,0.0,23.5,,,,,
,Not Eligible For Lunch,90.9,2.8,0.0,6.3,,,,,
,Special Education,69.6,8.7,0.0,21.7,,,,,
,Non-Special Education,81.6,4.7,??,13.7,,,,,
Trumbull School District,All Students,97.2,1.1,0.0,1.7,,,,,
,Hispanic,97.4,0.0,0.0,2.6,,,,,
,Non-Hispanic,97.2,1.2,0.0,1.6,,,,,
,Asian,92.9,3.6,0.0,3.6,,,,,
,Black,97.1,2.9,0.0,0.0,,,,,
,White,97.5,0.9,0.0,1.6,,,,,
,Male,96.8,1.2,0.0,2.0,,,,,
,Female,97.6,1.0,0.0,1.4,,,,,
,ELL,77.8,0.0,0.0,22.2,,,,,
,Non-ELL,97.6,1.1,0.0,1.3,,,,,
,Eligible For Free Lunch,93.1,3.4,0.0,3.4,,,,,
,Eligible For Reduced Lunch,95.2,0.0,0.0,4.8,,,,,
,Not Eligible For Lunch,97.6,1.0,0.0,1.4,,,,,
,Special Education,84.1,9.1,0.0,6.8,,,,,
,Non-Special Education,98.4,0.4,??,1.2,,,,,
Vernon School District,All Students,82.0,6.0,0.0,12.0,,,,,
,Hispanic,60.0,20.0,0.0,20.0,,,,,
,Non-Hispanic,84.2,4.6,0.0,11.2,,,,,
,Asian,100.0,0.0,0.0,0.0,,,,,
,Black,69.4,8.3,0.0,22.2,,,,,
,White,85.4,4.3,0.0,10.3,,,,,
,Male,79.7,7.0,0.0,13.3,,,,,
,Female,84.1,5.1,0.0,10.9,,,,,
,ELL,83.3,0.0,0.0,16.7,,,,,
,Non-ELL,81.9,6.3,0.0,11.8,,,,,
,Eligible For Free Lunch,71.4,6.5,0.0,22.1,,,,,
,Eligible For Reduced Lunch,77.8,11.1,0.0,11.1,,,,,
,Not Eligible For Lunch,87.1,5.3,0.0,7.6,,,,,
,Special Education,55.6,22.2,0.0,22.2,,,,,
,Non-Special Education,84.9,4.2,??,10.9,,,,,
Wallingford School District,All Students,92.4,3.2,0.0,4.5,,,,,
,Hispanic,87.5,5.4,0.0,7.1,,,,,
,Non-Hispanic,92.9,2.9,0.0,4.2,,,,,
,Asian,95.5,0.0,0.0,4.5,,,,,
,Black,100.0,0.0,0.0,0.0,,,,,
,White,92.9,2.9,0.0,4.2,,,,,
,Two or More Races,*,*,*,*,,,,,
,Male,88.3,5.7,0.0,6.1,,,,,
,Female,96.3,0.7,0.0,2.9,,,,,
,ELL,88.9,0.0,0.0,11.1,,,,,
,Non-ELL,92.5,3.3,0.0,4.2,,,,,
,Eligible For Free Lunch,77.6,5.2,0.0,17.2,,,,,
,Eligible For Reduced Lunch,88.2,11.8,0.0,0.0,,,,,
,Not Eligible For Lunch,94.4,2.6,0.0,3.0,,,,,
,Special Education,66.7,21.7,0.0,11.6,,,,,
,Non-Special Education,96.2,0.4,??,3.4,,,,,
Waterbury School District,All Students,62.6,5.6,0.0,31.7,,,,,
,Hispanic,54.4,5.0,0.0,40.6,,,,,
,Non-Hispanic,69.0,6.1,0.0,24.9,,,,,
,Indian or Alaska Native,*,*,*,*,,,,,
,Asian,76.0,4.0,0.0,20.0,,,,,
,Black,63.5,6.6,0.0,29.8,,,,,
,White,75.3,5.8,0.0,18.9,,,,,
,Two or More Races,*,*,*,*,,,,,
,Male,58.7,8.2,0.0,33.1,,,,,
,Female,66.5,3.1,0.0,30.4,,,,,
,ELL,52.8,6.1,0.0,41.1,,,,,
,Non-ELL,64.1,5.6,0.0,30.4,,,,,
,Eligible For Free Lunch,57.8,5.9,0.0,36.3,,,,,
,Eligible For Reduced Lunch,78.8,3.6,0.0,17.6,,,,,
,Not Eligible For Lunch,70.6,6.2,0.0,23.2,,,,,
,Special Education,39.9,24.2,0.0,36.0,,,,,
,Non-Special Education,66.3,2.6,??,31.1,,,,,
Waterford School District,All Students,91.7,2.9,0.0,5.4,,,,,
,Hispanic,88.2,5.9,0.0,5.9,,,,,
,Non-Hispanic,92.0,2.7,0.0,5.4,,,,,
,Indian or Alaska Native,*,*,*,*,,,,,
,Asian,100.0,0.0,0.0,0.0,,,,,
,Black,71.4,0.0,0.0,28.6,,,,,
,White,92.1,3.0,0.0,5.0,,,,,
,Male,91.7,2.5,0.0,5.8,,,,,
,Female,91.7,3.3,0.0,5.0,,,,,
,ELL,*,*,*,*,,,,,
,Non-ELL,91.6,3.0,0.0,5.5,,,,,
,Eligible For Free Lunch,76.9,0.0,0.0,23.1,,,,,
,Eligible For Reduced Lunch,87.5,12.5,0.0,0.0,,,,,
,Not Eligible For Lunch,94.0,2.5,0.0,3.5,,,,,
,Special Education,71.0,16.1,0.0,12.9,,,,,
,Non-Special Education,94.8,1.0,??,4.3,,,,,
Watertown School District,All Students,90.9,4.7,0.0,4.3,,,,,
,Hispanic,*,*,*,*,,,,,
,Non-Hispanic,91.2,4.9,0.0,4.0,,,,,
,Indian or Alaska Native,*,*,*,*,,,,,
,Asian,*,*,*,*,,,,,
,Black,*,*,*,*,,,,,
,White,91.6,4.7,0.0,3.7,,,,,
,Two or More Races,*,*,*,*,,,,,
,Male,88.3,7.2,0.0,4.5,,,,,
,Female,93.4,2.5,0.0,4.1,,,,,
,ELL,*,*,*,*,,,,,
,Non-ELL,90.9,4.8,0.0,4.3,,,,,
,Eligible For Free Lunch,73.3,10.0,0.0,16.7,,,,,
,Eligible For Reduced Lunch,92.3,0.0,0.0,7.7,,,,,
,Not Eligible For Lunch,93.8,4.5,0.0,1.7,,,,,
,Special Education,71.4,28.6,0.0,0.0,,,,,
,Non-Special Education,93.6,1.5,??,4.9,,,,,
Westbrook School District,All Students,91.5,3.7,0.0,4.9,,,,,
,Hispanic,*,*,*,*,,,,,
,Non-Hispanic,91.3,3.8,0.0,5.0,,,,,
,Asian,*,*,*,*,,,,,
,White,91.1,3.8,0.0,5.1,,,,,
,Male,92.3,2.6,0.0,5.1,,,,,
,Female,90.7,4.7,0.0,4.7,,,,,
,Non-ELL,91.5,3.7,0.0,4.9,,,,,
,Eligible For Free Lunch,*,*,*,*,,,,,
,Eligible For Reduced Lunch,85.7,14.3,0.0,0.0,,,,,
,Not Eligible For Lunch,94.3,2.9,0.0,2.9,,,,,
,Special Education,*,*,*,*,,,,,
,Non-Special Education,92.1,2.6,??,5.3,,,,,
West Hartford School District,All Students,92.7,3.7,0.0,3.6,,,,,
,Hispanic,82.7,7.3,0.0,10.0,,,,,
,Non-Hispanic,95.2,2.8,0.0,2.0,,,,,
,Indian or Alaska Native,*,*,*,*,,,,,
,Asian,97.3,1.3,0.0,1.3,,,,,
,Black,86.6,10.4,0.0,3.0,,,,,
,White,96.4,1.8,0.0,1.8,,,,,
,Two or More Races,84.6,7.7,0.0,7.7,,,,,
,Male,89.1,5.3,0.0,5.6,,,,,
,Female,96.3,2.1,0.0,1.6,,,,,
,ELL,80.6,8.3,0.0,11.1,,,,,
,Non-ELL,93.3,3.5,0.0,3.2,,,,,
,Eligible For Free Lunch,77.9,10.3,0.0,11.8,,,,,
,Eligible For Reduced Lunch,91.7,2.8,0.0,5.6,,,,,
,Not Eligible For Lunch,96.2,2.2,0.0,1.5,,,,,
,Special Education,77.2,16.3,0.0,6.5,,,,,
,Non-Special Education,94.9,2.0,??,3.2,,,,,
West Haven School District,All Students,72.1,4.3,0.0,23.5,,,,,
,Hispanic,70.5,5.3,0.0,24.2,,,,,
,Non-Hispanic,72.6,4.1,0.0,23.3,,,,,
,Indian or Alaska Native,*,*,*,*,,,,,
,Asian,80.0,0.0,0.0,20.0,,,,,
,Black,70.2,3.2,0.0,26.6,,,,,
,White,73.2,4.9,0.0,21.9,,,,,
,Two or More Races,*,*,*,*,,,,,
,Male,65.4,6.3,0.0,28.3,,,,,
,Female,78.5,2.5,0.0,19.0,,,,,
,ELL,75.0,0.0,0.0,25.0,,,,,
,Non-ELL,71.9,4.6,0.0,23.4,,,,,
,Eligible For Free Lunch,64.6,3.9,0.0,31.5,,,,,
,Eligible For Reduced Lunch,74.6,7.9,0.0,17.5,,,,,
,Not Eligible For Lunch,80.3,3.4,0.0,16.3,,,,,
,Special Education,49.0,20.4,0.0,30.6,,,,,
,Non-Special Education,75.4,2.0,??,22.5,,,,,
Weston School District,All Students,99.5,0.5,0.0,0.0,,,,,
,Hispanic,100.0,0.0,0.0,0.0,,,,,
,Non-Hispanic,99.5,0.5,0.0,0.0,,,,,
,Asian,*,*,*,*,,,,,
,Black,*,*,*,*,,,,,
,White,99.4,0.6,0.0,0.0,,,,,
,Two or More Races,*,*,*,*,,,,,
,Male,98.8,1.2,0.0,0.0,,,,,
,Female,100.0,0.0,0.0,0.0,,,,,
,Non-ELL,99.5,0.5,0.0,0.0,,,,,
,Eligible For Free Lunch,*,*,*,*,,,,,
,Eligible For Reduced Lunch,*,*,*,*,,,,,
,Not Eligible For Lunch,99.5,0.5,0.0,0.0,,,,,
,Special Education,95.2,4.8,0.0,0.0,,,,,
,Non-Special Education,100.0,0.0,??,0.0,,,,,
Westport School District,All Students,97.9,0.9,0.0,1.2,,,,,
,Hispanic,95.0,0.0,0.0,5.0,,,,,
,Non-Hispanic,98.0,1.0,0.0,1.0,,,,,
,Indian or Alaska Native,*,*,*,*,,,,,
,Asian,100.0,0.0,0.0,0.0,,,,,
,Black,85.7,14.3,0.0,0.0,,,,,
,White,98.1,0.8,0.0,1.1,,,,,
,Two or More Races,*,*,*,*,,,,,
,Male,97.4,1.0,0.0,1.5,,,,,
,Female,98.3,0.9,0.0,0.9,,,,,
,ELL,*,*,*,*,,,,,
,Non-ELL,97.9,0.9,0.0,1.2,,,,,
,Eligible For Free Lunch,91.7,8.3,0.0,0.0,,,,,
,Eligible For Reduced Lunch,*,*,*,*,,,,,
,Not Eligible For Lunch,98.3,0.7,0.0,1.0,,,,,
,Special Education,91.9,4.8,0.0,3.2,,,,,
,Non-Special Education,98.9,0.3,??,0.8,,,,,
Wethersfield School District,All Students,90.4,4.1,0.0,5.5,,,,,
,Hispanic,77.8,13.9,0.0,8.3,,,,,
,Non-Hispanic,92.2,2.7,0.0,5.1,,,,,
,Asian,100.0,0.0,0.0,0.0,,,,,
,Black,88.2,5.9,0.0,5.9,,,,,
,White,92.0,2.7,0.0,5.3,,,,,
,Male,87.5,6.3,0.0,6.3,,,,,
,Female,93.2,2.0,0.0,4.7,,,,,
,ELL,90.9,0.0,0.0,9.1,,,,,
,Non-ELL,90.4,4.3,0.0,5.3,,,,,
,Eligible For Free Lunch,81.5,11.1,0.0,7.4,,,,,
,Eligible For Reduced Lunch,77.8,7.4,0.0,14.8,,,,,
,Not Eligible For Lunch,92.9,2.9,0.0,4.2,,,,,
,Special Education,65.4,23.1,0.0,11.5,,,,,
,Non-Special Education,92.9,2.3,??,4.9,,,,,
Wilton School District,All Students,98.1,1.6,0.0,0.3,,,,,
,Hispanic,100.0,0.0,0.0,0.0,,,,,
,Non-Hispanic,98.0,1.6,0.0,0.3,,,,,
,Asian,100.0,0.0,0.0,0.0,,,,,
,Black,*,*,*,*,,,,,
,White,97.9,1.7,0.0,0.3,,,,,
,Male,96.8,2.5,0.0,0.6,,,,,
,Female,99.4,0.6,0.0,0.0,,,,,
,ELL,*,*,*,*,,,,,
,Non-ELL,98.1,1.6,0.0,0.3,,,,,
,Eligible For Free Lunch,*,*,*,*,,,,,
,Not Eligible For Lunch,98.1,1.6,0.0,0.3,,,,,
,Special Education,90.6,6.3,0.0,3.1,,,,,
,Non-Special Education,98.9,1.1,??,0.0,,,,,
Windham School District,All Students,70.2,10.5,0.0,19.3,,,,,
,Hispanic,60.2,14.2,0.0,25.7,,,,,
,Non-Hispanic,86.8,4.4,0.0,8.8,,,,,
,Indian or Alaska Native,*,*,*,*,,,,,
,Asian,*,*,*,*,,,,,
,Black,100.0,0.0,0.0,0.0,,,,,
,White,83.6,5.5,0.0,10.9,,,,,
,Male,65.7,12.7,0.0,21.6,,,,,
,Female,75.9,7.6,0.0,16.5,,,,,
,ELL,57.8,20.0,0.0,22.2,,,,,
,Non-ELL,74.3,7.4,0.0,18.4,,,,,
,Eligible For Free Lunch,57.4,13.9,0.0,28.7,,,,,
,Eligible For Reduced Lunch,80.6,12.9,0.0,6.5,,,,,
,Not Eligible For Lunch,89.8,2.0,0.0,8.2,,,,,
,Special Education,55.3,17.0,0.0,27.7,,,,,
,Non-Special Education,75.4,8.2,??,16.4,,,,,
Windsor School District,All Students,85.0,6.2,0.0,8.7,,,,,
,Hispanic,77.3,4.5,0.0,18.2,,,,,
,Non-Hispanic,86.3,6.5,0.0,7.2,,,,,
,Asian,94.4,0.0,0.0,5.6,,,,,
,Black,81.7,7.8,0.0,10.5,,,,,
,White,93.0,5.0,0.0,2.0,,,,,
,Two or More Races,*,*,*,*,,,,,
,Male,81.3,9.0,0.0,9.6,,,,,
,Female,89.0,3.2,0.0,7.7,,,,,
,ELL,*,*,*,*,,,,,
,Non-ELL,85.1,6.3,0.0,8.6,,,,,
,Eligible For Free Lunch,65.2,11.6,0.0,23.2,,,,,
,Eligible For Reduced Lunch,89.5,5.3,0.0,5.3,,,,,
,Not Eligible For Lunch,90.7,4.7,0.0,4.7,,,,,
,Special Education,66.7,17.9,0.0,15.4,,,,,
,Non-Special Education,87.6,4.6,??,7.8,,,,,
Windsor Locks School District,All Students,91.2,5.4,0.0,3.4,,,,,
,Hispanic,80.0,10.0,0.0,10.0,,,,,
,Non-Hispanic,92.0,5.1,0.0,2.9,,,,,
,Asian,93.3,6.7,0.0,0.0,,,,,
,Black,92.3,7.7,0.0,0.0,,,,,
,White,91.8,4.5,0.0,3.6,,,,,
,Male,90.9,6.5,0.0,2.6,,,,,
,Female,91.5,4.2,0.0,4.2,,,,,
,ELL,*,*,*,*,,,,,
,Non-ELL,91.0,5.6,0.0,3.5,,,,,
,Eligible For Free Lunch,73.3,16.7,0.0,10.0,,,,,
,Eligible For Reduced Lunch,90.5,9.5,0.0,0.0,,,,,
,Not Eligible For Lunch,96.9,1.0,0.0,2.1,,,,,
,Special Education,75.0,25.0,0.0,0.0,,,,,
,Non-Special Education,92.6,3.7,??,3.7,,,,,
Wolcott School District,All Students,93.6,3.2,0.0,3.2,,,,,
,Hispanic,84.6,0.0,0.0,15.4,,,,,
,Non-Hispanic,94.2,3.4,0.0,2.4,,,,,
,Asian,*,*,*,*,,,,,
,Black,*,*,*,*,,,,,
,Hawaiian or Pacific Islander,*,*,*,*,,,,,
,White,93.9,3.6,0.0,2.5,,,,,
,Male,92.4,3.8,0.0,3.8,,,,,
,Female,94.7,2.6,0.0,2.6,,,,,
,Non-ELL,93.6,3.2,0.0,3.2,,,,,
,Eligible For Free Lunch,88.9,7.4,0.0,3.7,,,,,
,Eligible For Reduced Lunch,90.9,3.0,0.0,6.1,,,,,
,Not Eligible For Lunch,95.0,2.5,0.0,2.5,,,,,
,Special Education,84.6,11.5,0.0,3.8,,,,,
,Non-Special Education,94.8,2.1,??,3.1,,,,,
Regional School District 01,All Students,94.3,0.7,0.0,5.0,,,,,
,Hispanic,*,*,*,*,,,,,
,Non-Hispanic,94.8,0.7,0.0,4.5,,,,,
,Asian,*,*,*,*,,,,,
,Black,*,*,*,*,,,,,
,White,96.1,0.0,0.0,3.9,,,,,
,Two or More Races,*,*,*,*,,,,,
,Male,92.2,1.3,0.0,6.5,,,,,
,Female,96.8,0.0,0.0,3.2,,,,,
,Non-ELL,94.3,0.7,0.0,5.0,,,,,
,Eligible For Free Lunch,90.0,0.0,0.0,10.0,,,,,
,Eligible For Reduced Lunch,93.8,0.0,0.0,6.3,,,,,
,Not Eligible For Lunch,94.7,0.9,0.0,4.4,,,,,
,Special Education,88.5,3.8,0.0,7.7,,,,,
,Non-Special Education,95.6,0.0,??,4.4,,,,,
Regional School District 04,All Students,91.9,2.5,0.0,5.6,,,,,
,Hispanic,*,*,*,*,,,,,
,Non-Hispanic,91.7,2.5,0.0,5.7,,,,,
,Asian,*,*,*,*,,,,,
,Black,*,*,*,*,,,,,
,White,92.2,2.6,0.0,5.2,,,,,
,Two or More Races,*,*,*,*,,,,,
,Male,87.3,3.8,0.0,8.9,,,,,
,Female,96.3,1.2,0.0,2.5,,,,,
,ELL,*,*,*,*,,,,,
,Non-ELL,91.8,2.5,0.0,5.7,,,,,
,Eligible For Free Lunch,80.0,0.0,0.0,20.0,,,,,
,Eligible For Reduced Lunch,75.0,12.5,0.0,12.5,,,,,
,Not Eligible For Lunch,93.7,2.1,0.0,4.2,,,,,
,Special Education,87.5,4.2,0.0,8.3,,,,,
,Non-Special Education,92.6,2.2,??,5.1,,,,,
Regional School District 05,All Students,96.3,1.2,0.0,2.5,,,,,
,Hispanic,84.6,0.0,0.0,15.4,,,,,
,Non-Hispanic,96.7,1.2,0.0,2.1,,,,,
,Indian or Alaska Native,*,*,*,*,,,,,
,Asian,100.0,0.0,0.0,0.0,,,,,
,Black,92.3,0.0,0.0,7.7,,,,,
,White,96.4,1.4,0.0,2.2,,,,,
,Male,95.0,1.8,0.0,3.2,,,,,
,Female,97.7,0.5,0.0,1.9,,,,,
,ELL,*,*,*,*,,,,,
,Non-ELL,96.3,1.2,0.0,2.6,,,,,
,Eligible For Free Lunch,83.3,8.3,0.0,8.3,,,,,
,Eligible For Reduced Lunch,90.9,0.0,0.0,9.1,,,,,
,Not Eligible For Lunch,96.8,1.0,0.0,2.2,,,,,
,Special Education,86.7,8.9,0.0,4.4,,,,,
,Non-Special Education,97.4,0.3,??,2.3,,,,,
Regional School District 06,All Students,96.6,0.0,0.0,3.4,,,,,
,Hispanic,*,*,*,*,,,,,
,Non-Hispanic,96.5,0.0,0.0,3.5,,,,,
,White,96.5,0.0,0.0,3.5,,,,,
,Two or More Races,*,*,*,*,,,,,
,Male,93.9,0.0,0.0,6.1,,,,,
,Female,98.1,0.0,0.0,1.9,,,,,
,ELL,*,*,*,*,,,,,
,Non-ELL,96.5,0.0,0.0,3.5,,,,,
,Eligible For Free Lunch,*,*,*,*,,,,,
,Eligible For Reduced Lunch,*,*,*,*,,,,,
,Not Eligible For Lunch,96.0,0.0,0.0,4.0,,,,,
,Special Education,100.0,0.0,0.0,0.0,,,,,
,Non-Special Education,96.1,0.0,??,3.9,,,,,
Regional School District 07,All Students,93.2,3.9,0.0,2.9,,,,,
,Hispanic,*,*,*,*,,,,,
,Non-Hispanic,93.1,3.9,0.0,2.9,,,,,
,Asian,*,*,*,*,,,,,
,Black,*,*,*,*,,,,,
,White,93.5,3.5,0.0,3.0,,,,,
,Male,93.4,4.4,0.0,2.2,,,,,
,Female,93.0,3.5,0.0,3.5,,,,,
,ELL,*,*,*,*,,,,,
,Non-ELL,93.1,3.9,0.0,2.9,,,,,
,Eligible For Free Lunch,73.3,13.3,0.0,13.3,,,,,
,Eligible For Reduced Lunch,*,*,*,*,,,,,
,Not Eligible For Lunch,95.1,2.7,0.0,2.2,,,,,
,Special Education,67.6,21.6,0.0,10.8,,,,,
,Non-Special Education,98.8,0.0,??,1.2,,,,,
Regional School District 08,All Students,90.5,5.1,0.0,4.4,,,,,
,Hispanic,*,*,*,*,,,,,
,Non-Hispanic,90.8,4.8,0.0,4.5,,,,,
,Asian,100.0,0.0,0.0,0.0,,,,,
,Black,*,*,*,*,,,,,
,White,90.4,5.0,0.0,4.6,,,,,
,Male,87.8,5.8,0.0,6.4,,,,,
,Female,93.6,4.3,0.0,2.1,,,,,
,ELL,*,*,*,*,,,,,
,Non-ELL,90.5,5.1,0.0,4.4,,,,,
,Eligible For Free Lunch,63.6,27.3,0.0,9.1,,,,,
,Eligible For Reduced Lunch,77.8,11.1,0.0,11.1,,,,,
,Not Eligible For Lunch,92.0,4.0,0.0,4.0,,,,,
,Special Education,70.3,16.2,0.0,13.5,,,,,
,Non-Special Education,93.4,3.5,??,3.1,,,,,
Regional School District 09,All Students,97.1,1.3,0.0,1.7,,,,,
,Hispanic,100.0,0.0,0.0,0.0,,,,,
,Non-Hispanic,96.9,1.3,0.0,1.7,,,,,
,Asian,*,*,*,*,,,,,
,Black,*,*,*,*,,,,,
,White,97.2,0.9,0.0,1.8,,,,,
,Two or More Races,*,*,*,*,,,,,
,Male,95.6,0.9,0.0,3.5,,,,,
,Female,98.4,1.6,0.0,0.0,,,,,
,ELL,*,*,*,*,,,,,
,Non-ELL,97.0,1.3,0.0,1.7,,,,,
,Eligible For Free Lunch,100.0,0.0,0.0,0.0,,,,,
,Eligible For Reduced Lunch,*,*,*,*,,,,,
,Not Eligible For Lunch,96.9,1.3,0.0,1.8,,,,,
,Special Education,76.0,12.0,0.0,12.0,,,,,
,Non-Special Education,99.5,0.0,??,0.5,,,,,
Regional School District 10,All Students,96.1,2.6,0.0,1.3,,,,,
,Hispanic,81.8,18.2,0.0,0.0,,,,,
,Non-Hispanic,96.8,1.8,0.0,1.4,,,,,
,Asian,*,*,*,*,,,,,
,White,96.7,1.9,0.0,1.4,,,,,
,Two or More Races,*,*,*,*,,,,,
,Male,95.0,3.3,0.0,1.7,,,,,
,Female,97.3,1.8,0.0,0.9,,,,,
,Non-ELL,96.1,2.6,0.0,1.3,,,,,
,Eligible For Free Lunch,87.5,12.5,0.0,0.0,,,,,
,Eligible For Reduced Lunch,*,*,*,*,,,,,
,Not Eligible For Lunch,96.3,2.3,0.0,1.4,,,,,
,Special Education,84.0,12.0,0.0,4.0,,,,,
,Non-Special Education,97.6,1.5,??,1.0,,,,,
Regional School District 11,All Students,95.2,2.4,0.0,2.4,,,,,
,Hispanic,*,*,*,*,,,,,
,Non-Hispanic,94.6,2.7,0.0,2.7,,,,,
,White,94.6,2.7,0.0,2.7,,,,,
,Male,96.2,3.8,0.0,0.0,,,,,
,Female,93.8,0.0,0.0,6.3,,,,,
,Non-ELL,95.2,2.4,0.0,2.4,,,,,
,Eligible For Free Lunch,92.9,0.0,0.0,7.1,,,,,
,Eligible For Reduced Lunch,*,*,*,*,,,,,
,Not Eligible For Lunch,96.0,4.0,0.0,0.0,,,,,
,Special Education,100.0,0.0,0.0,0.0,,,,,
,Non-Special Education,93.5,3.2,??,3.2,,,,,
Regional School District 12,All Students,85.1,1.4,0.0,13.5,,,,,
,Hispanic,*,*,*,*,,,,,
,Non-Hispanic,84.7,1.4,0.0,13.9,,,,,
,Black,*,*,*,*,,,,,
,White,83.3,1.5,0.0,15.2,,,,,
,Two or More Races,*,*,*,*,,,,,
,Male,81.0,2.4,0.0,16.7,,,,,
,Female,90.6,0.0,0.0,9.4,,,,,
,ELL,*,*,*,*,,,,,
,Non-ELL,84.9,1.4,0.0,13.7,,,,,
,Eligible For Free Lunch,71.4,0.0,0.0,28.6,,,,,
,Eligible For Reduced Lunch,*,*,*,*,,,,,
,Not Eligible For Lunch,85.7,1.6,0.0,12.7,,,,,
,Special Education,77.8,11.1,0.0,11.1,,,,,
,Non-Special Education,86.2,0.0,??,13.8,,,,,
Regional School District 13,All Students,97.2,0.7,0.0,2.1,,,,,
,Hispanic,*,*,*,*,,,,,
,Non-Hispanic,97.1,0.7,0.0,2.2,,,,,
,Asian,*,*,*,*,,,,,
,White,97.0,0.7,0.0,2.2,,,,,
,Two or More Races,*,*,*,*,,,,,
,Male,97.1,1.4,0.0,1.4,,,,,
,Female,97.3,0.0,0.0,2.7,,,,,
,Non-ELL,97.2,0.7,0.0,2.1,,,,,
,Eligible For Free Lunch,*,*,*,*,,,,,
,Eligible For Reduced Lunch,*,*,*,*,,,,,
,Not Eligible For Lunch,98.5,0.7,0.0,0.7,,,,,
,Special Education,91.3,4.3,0.0,4.3,,,,,
,Non-Special Education,98.3,0.0,??,1.7,,,,,
Regional School District 14,All Students,96.9,2.6,0.0,0.5,,,,,
,Hispanic,*,*,*,*,,,,,
,Non-Hispanic,96.9,2.6,0.0,0.5,,,,,
,Indian or Alaska Native,*,*,*,*,,,,,
,Asian,*,*,*,*,,,,,
,Black,*,*,*,*,,,,,
,White,97.9,1.6,0.0,0.5,,,,,
,Male,94.5,5.5,0.0,0.0,,,,,
,Female,99.0,0.0,0.0,1.0,,,,,
,ELL,*,*,*,*,,,,,
,Non-ELL,96.9,2.6,0.0,0.5,,,,,
,Eligible For Free Lunch,100.0,0.0,0.0,0.0,,,,,
,Eligible For Reduced Lunch,*,*,*,*,,,,,
,Not Eligible For Lunch,97.3,2.7,0.0,0.0,,,,,
,Special Education,90.5,9.5,0.0,0.0,,,,,
,Non-Special Education,97.7,1.7,??,0.6,,,,,
Regional School District 15,All Students,93.6,4.0,0.0,2.4,,,,,
,Hispanic,92.3,0.0,0.0,7.7,,,,,
,Non-Hispanic,93.7,4.1,0.0,2.2,,,,,
,Indian or Alaska Native,*,*,*,*,,,,,
,Asian,100.0,0.0,0.0,0.0,,,,,
,Black,*,*,*,*,,,,,
,White,93.6,4.4,0.0,2.0,,,,,
,Male,90.3,5.5,0.0,4.2,,,,,
,Female,97.0,2.4,0.0,0.6,,,,,
,ELL,*,*,*,*,,,,,
,Non-ELL,93.8,4.0,0.0,2.2,,,,,
,Eligible For Free Lunch,90.9,9.1,0.0,0.0,,,,,
,Eligible For Reduced Lunch,62.5,37.5,0.0,0.0,,,,,
,Not Eligible For Lunch,94.5,2.9,0.0,2.6,,,,,
,Special Education,77.8,15.6,0.0,6.7,,,,,
,Non-Special Education,96.1,2.1,??,1.8,,,,,
Regional School District 16,All Students,91.9,3.0,0.0,5.1,,,,,
,Hispanic,77.8,11.1,0.0,11.1,,,,,
,Non-Hispanic,92.6,2.7,0.0,4.8,,,,,
,Asian,*,*,*,*,,,,,
,Black,*,*,*,*,,,,,
,White,92.3,2.7,0.0,4.9,,,,,
,Two or More Races,*,*,*,*,,,,,
,Male,90.0,6.0,0.0,4.0,,,,,
,Female,93.8,0.0,0.0,6.2,,,,,
,ELL,*,*,*,*,,,,,
,Non-ELL,92.7,2.6,0.0,4.7,,,,,
,Eligible For Free Lunch,78.9,5.3,0.0,15.8,,,,,
,Eligible For Reduced Lunch,87.5,0.0,0.0,12.5,,,,,
,Not Eligible For Lunch,93.8,3.1,0.0,3.1,,,,,
,Special Education,81.0,4.8,0.0,14.3,,,,,
,Non-Special Education,93.2,2.8,??,4.0,,,,,
Regional School District 17,All Students,93.7,0.5,0.0,5.8,,,,,
,Hispanic,*,*,*,*,,,,,
,Non-Hispanic,93.5,0.5,0.0,6.0,,,,,
,Asian,*,*,*,*,,,,,
,Black,*,*,*,*,,,,,
,White,93.4,0.5,0.0,6.0,,,,,
,Male,92.9,1.0,0.0,6.1,,,,,
,Female,94.6,0.0,0.0,5.4,,,,,
,Non-ELL,93.7,0.5,0.0,5.8,,,,,
,Eligible For Free Lunch,63.6,9.1,0.0,27.3,,,,,
,Eligible For Reduced Lunch,87.5,0.0,0.0,12.5,,,,,
,Not Eligible For Lunch,95.9,0.0,0.0,4.1,,,,,
,Special Education,88.0,0.0,0.0,12.0,,,,,
,Non-Special Education,94.5,0.6,??,4.8,,,,,
Regional School District 18,All Students,97.1,1.0,0.0,1.9,,,,,
,Hispanic,*,*,*,*,,,,,
,Non-Hispanic,97.0,1.0,0.0,2.0,,,,,
,Asian,*,*,*,*,,,,,
,White,96.9,1.0,0.0,2.1,,,,,
,Two or More Races,*,*,*,*,,,,,
,Male,98.4,1.6,0.0,0.0,,,,,
,Female,95.3,0.0,0.0,4.7,,,,,
,Non-ELL,97.1,1.0,0.0,1.9,,,,,
,Eligible For Free Lunch,*,*,*,*,,,,,
,Eligible For Reduced Lunch,*,*,*,*,,,,,
,Not Eligible For Lunch,97.9,1.1,0.0,1.1,,,,,
,Special Education,84.6,7.7,0.0,7.7,,,,,
,Non-Special Education,98.9,0.0,??,1.1,,,,,
Regional School District 19,All Students,87.2,6.7,0.0,6.0,,,,,
,Hispanic,80.0,0.0,0.0,20.0,,,,,
,Non-Hispanic,87.5,6.9,0.0,5.6,,,,,
,Indian or Alaska Native,*,*,*,*,,,,,
,Asian,88.9,5.6,0.0,5.6,,,,,
,Black,*,*,*,*,,,,,
,White,87.5,6.8,0.0,5.7,,,,,
,Two or More Races,*,*,*,*,,,,,
,Male,84.1,8.7,0.0,7.2,,,,,
,Female,90.0,5.0,0.0,5.0,,,,,
,ELL,*,*,*,*,,,,,
,Non-ELL,87.8,6.1,0.0,6.1,,,,,
,Eligible For Free Lunch,65.5,17.2,0.0,17.2,,,,,
,Eligible For Reduced Lunch,60.0,26.7,0.0,13.3,,,,,
,Not Eligible For Lunch,91.3,4.3,0.0,4.3,,,,,
,Special Education,72.4,22.4,0.0,5.2,,,,,
,Non-Special Education,90.8,2.9,??,6.3,,,,,
Capitol Region Education Council,All Students,79.4,6.3,0.0,14.3,,,,,
,Hispanic,73.8,8.8,0.0,17.5,,,,,
,Non-Hispanic,81.2,5.5,0.0,13.3,,,,,
,Indian or Alaska Native,*,*,*,*,,,,,
,Asian,88.9,0.0,0.0,11.1,,,,,
,Black,83.5,2.3,0.0,14.3,,,,,
,White,76.9,10.2,0.0,13.0,,,,,
,Two or More Races,*,*,*,*,,,,,
,Male,74.4,9.5,0.0,16.1,,,,,
,Female,84.4,3.0,0.0,12.6,,,,,
,ELL,66.7,0.0,0.0,33.3,,,,,
,Non-ELL,79.8,6.4,0.0,13.8,,,,,
,Eligible For Free Lunch,77.2,3.9,0.0,18.9,,,,,
,Eligible For Reduced Lunch,89.1,0.0,0.0,10.9,,,,,
,Not Eligible For Lunch,77.8,10.5,0.0,11.8,,,,,
,Special Education,54.1,29.5,0.0,16.4,,,,,
,Non-Special Education,85.0,1.1,??,13.9,,,,,
Eastern Connecticut Regional Educational Service C,All Students,79.1,4.7,0.0,16.3,,,,,
,Hispanic,*,*,*,*,,,,,
,Non-Hispanic,79.5,4.8,0.0,15.7,,,,,
,Asian,*,*,*,*,,,,,
,Black,*,*,*,*,,,,,
,White,78.2,5.1,0.0,16.7,,,,,
,Two or More Races,*,*,*,*,,,,,
,Male,76.9,10.3,0.0,12.8,,,,,
,Female,80.9,0.0,0.0,19.1,,,,,
,ELL,*,*,*,*,,,,,
,Non-ELL,78.8,4.7,0.0,16.5,,,,,
,Eligible For Free Lunch,66.7,5.6,0.0,27.8,,,,,
,Eligible For Reduced Lunch,72.7,9.1,0.0,18.2,,,,,
,Not Eligible For Lunch,84.2,3.5,0.0,12.3,,,,,
,Special Education,76.2,4.8,0.0,19.0,,,,,
,Non-Special Education,80.0,4.6,??,15.4,,,,,
Common Ground High School District,All Students,90.3,3.2,0.0,6.5,,,,,
,Hispanic,87.5,0.0,0.0,12.5,,,,,
,Non-Hispanic,93.3,6.7,0.0,0.0,,,,,
,Black,100.0,0.0,0.0,0.0,,,,,
,White,*,*,*,*,,,,,
,Two or More Races,*,*,*,*,,,,,
,Male,94.4,0.0,0.0,5.6,,,,,
,Female,84.6,7.7,0.0,7.7,,,,,
,ELL,*,*,*,*,,,,,
,Non-ELL,88.9,3.7,0.0,7.4,,,,,
,Eligible For Free Lunch,82.4,5.9,0.0,11.8,,,,,
,Eligible For Reduced Lunch,100.0,0.0,0.0,0.0,,,,,
,Not Eligible For Lunch,*,*,*,*,,,,,
,Special Education,*,*,*,*,,,,,
,Non-Special Education,90.0,3.3,??,6.7,,,,,
The Bridge Academy District,All Students,76.2,9.5,0.0,14.3,,,,,
,Hispanic,64.3,14.3,0.0,21.4,,,,,
,Non-Hispanic,82.1,7.1,0.0,10.7,,,,,
,Black,83.3,8.3,0.0,8.3,,,,,
,Two or More Races,*,*,*,*,,,,,
,Male,65.2,17.4,0.0,17.4,,,,,
,Female,89.5,0.0,0.0,10.5,,,,,
,Non-ELL,76.2,9.5,0.0,14.3,,,,,
,Eligible For Free Lunch,73.3,10.0,0.0,16.7,,,,,
,Eligible For Reduced Lunch,90.0,0.0,0.0,10.0,,,,,
,Not Eligible For Lunch,*,*,*,*,,,,,
,Special Education,*,*,*,*,,,,,
,Non-Special Education,78.4,8.1,??,13.5,,,,,
Explorations District,All Students,57.1,0.0,0.0,42.9,,,,,
,Hispanic,*,*,*,*,,,,,
,Non-Hispanic,58.3,0.0,0.0,41.7,,,,,
,White,58.3,0.0,0.0,41.7,,,,,
,Male,40.0,0.0,0.0,60.0,,,,,
,Female,66.7,0.0,0.0,33.3,,,,,
,Non-ELL,57.1,0.0,0.0,42.9,,,,,
,Eligible For Free Lunch,30.0,0.0,0.0,70.0,,,,,
,Eligible For Reduced Lunch,*,*,*,*,,,,,
,Not Eligible For Lunch,78.6,0.0,0.0,21.4,,,,,
,Special Education,50.0,0.0,0.0,50.0,,,,,
,Non-Special Education,60.0,0.0,??,40.0,,,,,
Amistad Academy District,All Students,71.4,19.0,0.0,9.5,,,,,
,Hispanic,*,*,*,*,,,,,
,Non-Hispanic,66.7,26.7,0.0,6.7,,,,,
,Black,66.7,26.7,0.0,6.7,,,,,
,Male,69.2,23.1,0.0,7.7,,,,,
,Female,75.0,12.5,0.0,12.5,,,,,
,Non-ELL,71.4,19.0,0.0,9.5,,,,,
,Eligible For Free Lunch,71.4,21.4,0.0,7.1,,,,,
,Eligible For Reduced Lunch,*,*,*,*,,,,,
,Not Eligible For Lunch,*,*,*,*,,,,,
,Non-Special Education,71.4,19.0,??,9.5,,,,,
Stamford Academy,All Students,44.4,33.3,0.0,22.2,,,,,
,Hispanic,*,*,*,*,,,,,
,Non-Hispanic,50.0,28.1,0.0,21.9,,,,,
,Black,51.7,24.1,0.0,24.1,,,,,
,White,*,*,*,*,,,,,
,Male,31.8,45.5,0.0,22.7,,,,,
,Female,64.3,14.3,0.0,21.4,,,,,
,ELL,*,*,*,*,,,,,
,Non-ELL,45.7,31.4,0.0,22.9,,,,,
,Eligible For Free Lunch,37.5,37.5,0.0,25.0,,,,,
,Eligible For Reduced Lunch,*,*,*,*,,,,,
,Not Eligible For Lunch,*,*,*,*,,,,,
,Special Education,60.0,40.0,0.0,0.0,,,,,
,Non-Special Education,38.5,30.8,??,30.8,,,,,
Elm City College Preparatory School District,All Students,78.9,15.8,0.0,5.3,,,,,
,Hispanic,*,*,*,*,,,,,
,Non-Hispanic,77.8,16.7,0.0,5.6,,,,,
,Black,77.8,16.7,0.0,5.6,,,,,
,Male,77.8,22.2,0.0,0.0,,,,,
,Female,80.0,10.0,0.0,10.0,,,,,
,Non-ELL,78.9,15.8,0.0,5.3,,,,,
,Eligible For Free Lunch,81.8,9.1,0.0,9.1,,,,,
,Eligible For Reduced Lunch,71.4,28.6,0.0,0.0,,,,,
,Not Eligible For Lunch,*,*,*,*,,,,,
,Special Education,*,*,*,*,,,,,
,Non-Special Education,77.8,16.7,??,5.6,,,,,
Unified School District #1,All Students,1.1,28.1,0.6,70.2,,,,,
,Hispanic,0.6,26.3,0.0,73.1,,,,,
,Non-Hispanic,1.4,28.9,0.8,68.8,,,,,
,Indian or Alaska Native,*,*,*,*,,,,,
,Asian,*,*,*,*,,,,,
,Black,0.8,30.7,0.4,68.1,,,,,
,White,3.3,21.7,2.2,72.8,,,,,
,Two or More Races,*,*,*,*,,,,,
,Male,1.2,28.1,0.6,70.1,,,,,
,Female,0.0,28.1,0.0,71.9,,,,,
,ELL,5.3,31.6,0.0,63.2,,,,,
,Non-ELL,1.0,27.9,0.6,70.5,,,,,
,Eligible For Free Lunch,1.3,28.3,0.7,69.8,,,,,
,Eligible For Reduced Lunch,0.0,25.0,0.0,75.0,,,,,
,Not Eligible For Lunch,0.0,28.0,0.0,72.0,,,,,
,Special Education,1.5,40.2,1.5,56.8,,,,,
,Non-Special Education,0.9,20.8,??,78.3,,,,,
Unified School District #2,All Students,20.3,13.6,0.0,66.1,,,,,
,Hispanic,11.8,5.9,0.0,82.4,,,,,
,Non-Hispanic,23.8,16.7,0.0,59.5,,,,,
,Black,20.0,16.0,0.0,64.0,,,,,
,White,31.3,18.8,0.0,50.0,,,,,
,Two or More Races,*,*,*,*,,,,,
,Male,23.5,11.8,0.0,64.7,,,,,
,Female,0.0,25.0,0.0,75.0,,,,,
,Non-ELL,20.3,13.6,0.0,66.1,,,,,
,Eligible For Free Lunch,13.3,11.1,0.0,75.6,,,,,
,Eligible For Reduced Lunch,*,*,*,*,,,,,
,Not Eligible For Lunch,41.7,16.7,0.0,41.7,,,,,
,Special Education,20.0,15.0,0.0,65.0,,,,,
,Non-Special Education,21.1,10.5,??,68.4,,,,,
Connecticut Technical High School System,All Students,95.9,0.3,0.0,3.8,,,,,
,Hispanic,95.1,0.4,0.0,4.4,,,,,
,Non-Hispanic,96.3,0.2,0.0,3.5,,,,,
,Indian or Alaska Native,93.5,0.0,0.0,6.5,,,,,
,Asian,95.2,0.0,0.0,4.8,,,,,
,Black,94.3,0.3,0.0,5.5,,,,,
,Hawaiian or Pacific Islander,*,*,*,*,,,,,
,White,96.8,0.2,0.0,3.0,,,,,
,Two or More Races,100.0,0.0,0.0,0.0,,,,,
,Male,96.1,0.3,0.0,3.5,,,,,
,Female,95.6,0.2,0.0,4.2,,,,,
,ELL,90.3,0.0,0.0,9.7,,,,,
,Non-ELL,96.2,0.3,0.0,3.5,,,,,
,Eligible For Free Lunch,95.2,0.3,0.0,4.5,,,,,
,Eligible For Reduced Lunch,95.2,0.0,0.0,4.8,,,,,
,Not Eligible For Lunch,96.8,0.3,0.0,2.8,,,,,
,Special Education,96.8,0.5,0.0,2.7,,,,,
,Non-Special Education,95.8,0.3,??,3.9,,,,,
Norwich Free Academy,All Students,86.0,1.2,0.2,12.6,,,,,
,Hispanic,73.4,1.6,0.0,25.0,,,,,
,Non-Hispanic,87.4,1.2,0.2,11.2,,,,,
,Indian or Alaska Native,84.6,0.0,0.0,15.4,,,,,
,Asian,*,*,*,*,,,,,
,Black,57.7,11.5,0.0,30.8,,,,,
,Hawaiian or Pacific Islander,*,*,*,*,,,,,
,White,88.6,0.7,0.2,10.5,,,,,
,Two or More Races,90.7,0.0,0.0,9.3,,,,,
,Male,82.3,1.4,0.3,16.0,,,,,
,Female,89.2,1.1,0.0,9.7,,,,,
,ELL,63.3,0.0,0.0,36.7,,,,,
,Non-ELL,87.2,1.3,0.2,11.4,,,,,
,Eligible For Free Lunch,72.5,1.5,0.0,26.0,,,,,
,Eligible For Reduced Lunch,84.4,0.0,0.0,15.6,,,,,
,Not Eligible For Lunch,89.8,1.2,0.2,8.7,,,,,
,Special Education,78.4,7.2,1.0,13.4,,,,,
,Non-Special Education,87.4,0.2,??,12.4,,,,,
The Gilbert School,All Students,91.2,1.1,0.0,7.7,,,,,
,Hispanic,100.0,0.0,0.0,0.0,,,,,
,Non-Hispanic,90.1,1.2,0.0,8.6,,,,,
,Black,*,*,*,*,,,,,
,White,89.7,1.3,0.0,9.0,,,,,
,Two or More Races,*,*,*,*,,,,,
,Male,90.7,0.0,0.0,9.3,,,,,
,Female,91.7,2.1,0.0,6.3,,,,,
,ELL,*,*,*,*,,,,,
,Non-ELL,90.9,1.1,0.0,8.0,,,,,
,Eligible For Free Lunch,83.3,4.2,0.0,12.5,,,,,
,Eligible For Reduced Lunch,100.0,0.0,0.0,0.0,,,,,
,Not Eligible For Lunch,92.7,0.0,0.0,7.3,,,,,
,Special Education,*,*,*,*,,,,,
,Non-Special Education,92.9,1.2,??,5.9,,,,,
Woodstock Academy,All Students,95.4,0.7,0.0,3.9,,,,,
,Hispanic,71.4,0.0,0.0,28.6,,,,,
,Non-Hispanic,96.0,0.7,0.0,3.2,,,,,
,Asian,87.5,12.5,0.0,0.0,,,,,
,White,96.3,0.4,0.0,3.3,,,,,
,Male,94.9,0.7,0.0,4.3,,,,,
,Female,95.9,0.7,0.0,3.4,,,,,
,ELL,*,*,*,*,,,,,
,Non-ELL,95.4,0.7,0.0,3.9,,,,,
,Eligible For Free Lunch,*,*,*,*,,,,,
,Eligible For Reduced Lunch,86.7,0.0,0.0,13.3,,,,,
,Not Eligible For Lunch,98.0,0.4,0.0,1.6,,,,,
,Special Education,88.2,5.9,0.0,5.9,,,,,
,Non-Special Education,95.9,0.4,??,3.7,,,,,
,,,,,,,,,,
 >> Double plus symbol (??) denotes not applicable,,,,,,,,,,
>> Asterisk symbol (*) denotes fewer than six in a cohort is suppressed,,,,,,,,,,
>> Outplaced students are counted only in district graduation calculation,,,,,,,,,,
>> Row percentages may not add to 100 percent because of rounding,,,,,,,,,,
>> District graduation rates may not be the same as the average of the graduation rates of the number schools in that district because of outplaced students.,,,,,,,,,,
">> Because each cohort is different from one year to another year, graduation rates are not comparable from year to year. Caution interpreting the differences between the prevoius year and the current year ",,,,,,,,,,
,,,,,,,,,,
,,,,,,,,,,
,,,,,,,,,,
,,,,,,,,,,
,,,,,,,,,,
,,,,,,,,,,
,,,,,,,,,,
,,,,,,,,,,
,,,,,,,,,,
,,,,,,,,,,
,,,,,,,,,,
,,,,,,,,,,
,,,,,,,,,,
,,,,,,,,,,
,,,,,,,,,,
,,,,,,,,,,
,,,,,,,,,,
,,,,,,,,,,
,,,,,,,,,,
,,,,,,,,,,
,,,,,,,,,,
,,,,,,,,,,
,,,,,,,,,,
,,,,,,,,,,
,,,,,,,,,,
,,,,,,,,,,
,,,,,,,,,,
,,,,,,,,,,
,,,,,,,,,,
,,,,,,,,,,
,,,,,,,,,,
,,,,,,,,,,
,,,,,,,,,,
,,,,,,,,,,
,,,,,,,,,,
,,,,,,,,,,
,,,,,,,,,,
,,,,,,,,,,
,,,,,,,,,,
,,,,,,,,,,
,,,,,,,,,,
,,,,,,,,,,
,,,,,,,,,,
,,,,,,,,,,
,,,,,,,,,,
,,,,,,,,,,
,,,,,,,,,,
,,,,,,,,,,
,,,,,,,,,,
,,,,,,,,,,
,,,,,,,,,,
,,,,,,,,,,
,,,,,,,,,,
,,,,,,,,,,
,,,,,,,,,,
,,,,,,,,,,
,,,,,,,,,,
,,,,,,,,,,
,,,,,,,,,,
,,,,,,,,,,
,,,,,,,,,,
,,,,,,,,,,
,,,,,,,,,,
,,,,,,,,,,
,,,,,,,,,,
,,,,,,,,,,
,,,,,,,,,,
,,,,,,,,,,
,,,,,,,,,,
,,,,,,,,,,
,,,,,,,,,,
,,,,,,,,,,
,,,,,,,,,,
,,,,,,,,,,
,,,,,,,,,,
,,,,,,,,,,
,,,,,,,,,,
,,,,,,,,,,
,,,,,,,,,,
,,,,,,,,,,
,,,,,,,,,,
,,,,,,,,,,
,,,,,,,,,,
,,,,,,,,,,
,,,,,,,,,,
,,,,,,,,,,
,,,,,,,,,,
,,,,,,,,,,
,,,,,,,,,,
,,,,,,,,,,
,,,,,,,,,,
,,,,,,,,,,
,,,,,,,,,,
,,,,,,,,,,
,,,,,,,,,,
,,,,,,,,,,
,,,,,,,,,,
,,,,,,,,,,
,,,,,,,,,,
,,,,,,,,,,
,,,,,,,,,,
,,,,,,,,,,
,,,,,,,,,,
,,,,,,,,,,
,,,,,,,,,,
,,,,,,,,,,
,,,,,,,,,,
,,,,,,,,,,
,,,,,,,,,,
,,,,,,,,,,
,,,,,,,,,,
,,,,,,,,,,
,,,,,,,,,,
,,,,,,,,,,
,,,,,,,,,,
,,,,,,,,,,
,,,,,,,,,,
,,,,,,,,,,
,,,,,,,,,,
,,,,,,,,,,
,,,,,,,,,,
,,,,,,,,,,
,,,,,,,,,,
,,,,,,,,,,
,,,,,,,,,,
,,,,,,,,,,
,,,,,,,,,,
,,,,,,,,,,
,,,,,,,,,,
,,,,,,,,,,
,,,,,,,,,,
,,,,,,,,,,
,,,,,,,,,,
,,,,,,,,,,
,,,,,,,,,,
,,,,,,,,,,
,,,,,,,,,,
,,,,,,,,,,
,,,,,,,,,,
,,,,,,,,,,
,,,,,,,,,,
,,,,,,,,,,
,,,,,,,,,,
,,,,,,,,,,
,,,,,,,,,,
,,,,,,,,,,
,,,,,,,,,,
,,,,,,,,,,
,,,,,,,,,,
,,,,,,,,,,
,,,,,,,,,,
,,,,,,,,,,
,,,,,,,,,,
,,,,,,,,,,
,,,,,,,,,,
,,,,,,,,,,
,,,,,,,,,,
,,,,,,,,,,
,,,,,,,,,,
,,,,,,,,,,
,,,,,,,,,,
,,,,,,,,,,
,,,,,,,,,,
,,,,,,,,,,
,,,,,,,,,,
,,,,,,,,,,
,,,,,,,,,,
,,,,,,,,,,
,,,,,,,,,,
,,,,,,,,,,
,,,,,,,,,,
,,,,,,,,,,
,,,,,,,,,,
,,,,,,,,,,
,,,,,,,,,,
,,,,,,,,,,
,,,,,,,,,,
,,,,,,,,,,
,,,,,,,,,,
,,,,,,,,,,
,,,,,,,,,,
,,,,,,,,,,
,,,,,,,,,,
,,,,,,,,,,
,,,,,,,,,,
,,,,,,,,,,
,,,,,,,,,,
,,,,,,,,,,
,,,,,,,,,,
,,,,,,,,,,
,,,,,,,,,,
,,,,,,,,,,
,,,,,,,,,,
,,,,,,,,,,
,,,,,,,,,,
,,,,,,,,,,
,,,,,,,,,,
,,,,,,,,,,
,,,,,,,,,,
,,,,,,,,,,
,,,,,,,,,,
,,,,,,,,,,
,,,,,,,,,,
,,,,,,,,,,
,,,,,,,,,,
,,,,,,,,,,
,,,,,,,,,,
,,,,,,,,,,
,,,,,,,,,,
,,,,,,,,,,
,,,,,,,,,,
,,,,,,,,,,
,,,,,,,,,,
,,,,,,,,,,
,,,,,,,,,,
,,,,,,,,,,
,,,,,,,,,,
,,,,,,,,,,
,,,,,,,,,,
,,,,,,,,,,
,,,,,,,,,,
,,,,,,,,,,
,,,,,,,,,,
,,,,,,,,,,
,,,,,,,,,,
,,,,,,,,,,
,,,,,,,,,,
,,,,,,,,,,
,,,,,,,,,,
,,,,,,,,,,
,,,,,,,,,,
,,,,,,,,,,
,,,,,,,,,,
,,,,,,,,,,
,,,,,,,,,,
,,,,,,,,,,
,,,,,,,,,,
,,,,,,,,,,
,,,,,,,,,,
,,,,,,,,,,
,,,,,,,,,,
,,,,,,,,,,
,,,,,,,,,,
,,,,,,,,,,
,,,,,,,,,,
,,,,,,,,,,
,,,,,,,,,,
,,,,,,,,,,
,,,,,,,,,,
,,,,,,,,,,
,,,,,,,,,,
,,,,,,,,,,
,,,,,,,,,,
,,,,,,,,,,
,,,,,,,,,,
,,,,,,,,,,
,,,,,,,,,,
,,,,,,,,,,
,,,,,,,,,,
,,,,,,,,,,
,,,,,,,,,,
,,,,,,,,,,
,,,,,,,,,,
,,,,,,,,,,
,,,,,,,,,,
,,,,,,,,,,
,,,,,,,,,,
,,,,,,,,,,
,,,,,,,,,,
,,,,,,,,,,
,,,,,,,,,,
,,,,,,,,,,
,,,,,,,,,,
,,,,,,,,,,
,,,,,,,,,,
,,,,,,,,,,
,,,,,,,,,,
,,,,,,,,,,
,,,,,,,,,,
,,,,,,,,,,
,,,,,,,,,,
,,,,,,,,,,
,,,,,,,,,,
,,,,,,,,,,
,,,,,,,,,,
,,,,,,,,,,
,,,,,,,,,,
,,,,,,,,,,
,,,,,,,,,,
,,,,,,,,,,
,,,,,,,,,,
,,,,,,,,,,
,,,,,,,,,,
,,,,,,,,,,
,,,,,,,,,,
,,,,,,,,,,
,,,,,,,,,,
,,,,,,,,,,
,,,,,,,,,,
,,,,,,,,,,
,,,,,,,,,,
,,,,,,,,,,
,,,,,,,,,,
,,,,,,,,,,
,,,,,,,,,,
,,,,,,,,,,
,,,,,,,,,,
,,,,,,,,,,
,,,,,,,,,,
,,,,,,,,,,
,,,,,,,,,,
,,,,,,,,,,
,,,,,,,,,,
,,,,,,,,,,
,,,,,,,,,,
,,,,,,,,,,
,,,,,,,,,,
,,,,,,,,,,
,,,,,,,,,,
,,,,,,,,,,
,,,,,,,,,,
,,,,,,,,,,
,,,,,,,,,,
,,,,,,,,,,
,,,,,,,,,,
,,,,,,,,,,
,,,,,,,,,,
,,,,,,,,,,
,,,,,,,,,,
,,,,,,,,,,
,,,,,,,,,,
,,,,,,,,,,
,,,,,,,,,,
,,,,,,,,,,
,,,,,,,,,,
,,,,,,,,,,
,,,,,,,,,,
,,,,,,,,,,
,,,,,,,,,,
,,,,,,,,,,
,,,,,,,,,,
,,,,,,,,,,
,,,,,,,,,,
,,,,,,,,,,
,,,,,,,,,,
,,,,,,,,,,
,,,,,,,,,,
,,,,,,,,,,
,,,,,,,,,,
,,,,,,,,,,
,,,,,,,,,,
,,,,,,,,,,
,,,,,,,,,,
,,,,,,,,,,
,,,,,,,,,,
,,,,,,,,,,
,,,,,,,,,,
,,,,,,,,,,
,,,,,,,,,,
,,,,,,,,,,
,,,,,,,,,,
,,,,,,,,,,
,,,,,,,,,,
,,,,,,,,,,
,,,,,,,,,,
,,,,,,,,,,
,,,,,,,,,,
,,,,,,,,,,
,,,,,,,,,,
,,,,,,,,,,
,,,,,,,,,,
,,,,,,,,,,
,,,,,,,,,,
,,,,,,,,,,
,,,,,,,,,,
,,,,,,,,,,
,,,,,,,,,,
,,,,,,,,,,
,,,,,,,,,,
,,,,,,,,,,
,,,,,,,,,,
,,,,,,,,,,
,,,,,,,,,,
,,,,,,,,,,
,,,,,,,,,,
,,,,,,,,,,
,,,,,,,,,,
,,,,,,,,,,
