District ID,District Name,School Year,ELL Status,Total Enrollment ,Students Tested ,Percent Tested ,Percent Absent ,Percent Other ,Below Basic ,Basic ,Proficient ,Goal ,Advanced ,Average Scale Score ,Percent at or Above Goal ,Percent at or Above Proficient 
279,Amistad Academy District,2010-11,No,56,56,100,0,0,8.9,8.9,17.9,57.1,7.1,253,64.3,82.1
279,Amistad Academy District,2010-11,Yes,**,**,**,**,**,**,**,**,**,**,**,**,**
2,Ansonia School District,2010-11,No,179,175,97.8,0.6,1.7,21.7,22.3,16.6,37.1,2.3,229.7,39.4,56
2,Ansonia School District,2010-11,Yes,**,**,**,**,**,**,**,**,**,**,**,**,**
244,Area Cooperative Educational Services,2010-11,No,285,281,98.6,0,1.4,19.9,16,15.7,45.2,3.2,237.9,48.4,64.1
244,Area Cooperative Educational Services,2010-11,Yes,**,**,**,**,**,**,**,**,**,**,**,**,**
3,Ashford School District,2010-11,No,59,59,100,0,0,11.9,10.2,8.5,49.2,20.3,263.8,69.5,78
4,Avon School District,2010-11,No,299,297,99.3,0,0.7,2.4,1.3,7.1,69.4,19.9,277.2,89.2,96.3
4,Avon School District,2010-11,Yes,**,**,**,**,**,**,**,**,**,**,**,**,**
7,Berlin School District,2010-11,No,236,234,99.2,0,0.8,3,5.1,6.8,55.1,29.9,282.6,85,91.9
7,Berlin School District,2010-11,Yes,**,**,**,**,**,**,**,**,**,**,**,**,**
9,Bethel School District,2010-11,No,214,211,98.6,0,1.4,4.3,5.7,11.8,60.7,17.5,270.5,78.2,90
9,Bethel School District,2010-11,Yes,**,**,**,**,**,**,**,**,**,**,**,**,**
11,Bloomfield School District,2010-11,No,143,141,98.6,0.7,0.7,16.3,20.6,22,38.3,2.8,234.5,41.1,63.1
12,Bolton School District,2010-11,No,70,69,98.6,0,1.4,10.1,5.8,15.9,49.3,18.8,263.3,68.1,84.1
13,Bozrah School District,2010-11,No,26,26,100,0,0,3.8,0,15.4,69.2,11.5,266.4,80.8,96.2
14,Branford School District,2010-11,No,263,251,95.4,1.1,3.4,2.8,4.8,11.2,50.6,30.7,279.7,81.3,92.4
14,Branford School District,2010-11,Yes,**,**,**,**,**,**,**,**,**,**,**,**,**
285,Bridgeport Achievement First,2010-11,No,65,65,100,0,0,29.2,10.8,20,36.9,3.1,231,40,60
15,Bridgeport School District,2010-11,No,1216,1169,96.1,1.4,2.5,35.8,18.7,17.5,25.9,2.1,218.7,28,45.5
15,Bridgeport School District,2010-11,Yes,152,127,83.6,0.7,15.8,72.4,19.7,4.7,3.1,0,186.9,3.1,7.9
17,Bristol School District,2010-11,No,648,639,98.6,0.3,1.1,9.1,11.9,14.7,53.4,11,254.3,64.3,79
17,Bristol School District,2010-11,Yes,25,20,80,4,16,50,35,5,10,0,200.2,10,15
18,Brookfield School District,2010-11,No,232,232,100,0,0,1.3,6,11.6,53,28,278.3,81,92.7
18,Brookfield School District,2010-11,Yes,**,**,**,**,**,**,**,**,**,**,**,**,**
19,Brooklyn School District,2010-11,No,93,93,100,0,0,2.2,5.4,6.5,59.1,26.9,280.1,86,92.5
19,Brooklyn School District,2010-11,Yes,**,**,**,**,**,**,**,**,**,**,**,**,**
21,Canaan School District,2010-11,No,**,**,**,**,**,**,**,**,**,**,**,**,**
22,Canterbury School District,2010-11,No,61,60,98.4,1.6,0,3.3,3.3,6.7,78.3,8.3,270.2,86.7,93.3
23,Canton School District,2010-11,No,144,144,100,0,0,2.1,3.5,4.9,68.1,21.5,280.7,89.6,94.4
23,Canton School District,2010-11,Yes,**,**,**,**,**,**,**,**,**,**,**,**,**
241,Capitol Region Education Council,2010-11,No,390,389,99.7,0,0.3,14.1,13.9,17.5,42.9,11.6,250.3,54.5,72
241,Capitol Region Education Council,2010-11,Yes,**,**,**,**,**,**,**,**,**,**,**,**,**
25,Cheshire School District,2010-11,No,406,399,98.3,0.2,1.5,3.3,2.5,7.5,56.1,30.6,282.7,86.7,94.2
25,Cheshire School District,2010-11,Yes,**,**,**,**,**,**,**,**,**,**,**,**,**
27,Clinton School District,2010-11,No,177,176,99.4,0,0.6,5.1,6.8,14.8,56.8,16.5,268.1,73.3,88.1
27,Clinton School District,2010-11,Yes,**,**,**,**,**,**,**,**,**,**,**,**,**
28,Colchester School District,2010-11,No,243,242,99.6,0,0.4,5.8,7,9.1,57.4,20.7,269.4,78.1,87.2
28,Colchester School District,2010-11,Yes,**,**,**,**,**,**,**,**,**,**,**,**,**
30,Columbia School District,2010-11,No,52,50,96.2,1.9,1.9,6,6,6,62,20,272.1,82,88
243,Cooperative Educational Services,2010-11,No,35,35,100,0,0,5.7,2.9,5.7,77.1,8.6,265.8,85.7,91.4
31,Cornwall School District,2010-11,No,**,**,**,**,**,**,**,**,**,**,**,**,**
32,Coventry School District,2010-11,No,153,152,99.3,0,0.7,7.9,5.9,13.2,59.2,13.8,260.5,73,86.2
33,Cromwell School District,2010-11,No,141,139,98.6,0,1.4,4.3,6.5,12.9,57.6,18.7,271.3,76.3,89.2
33,Cromwell School District,2010-11,Yes,**,**,**,**,**,**,**,**,**,**,**,**,**
34,Danbury School District,2010-11,No,645,631,97.8,0.2,2,10.1,8.7,15.2,52.5,13.5,258.2,65.9,81.1
34,Danbury School District,2010-11,Yes,100,93,93,0,7,59.1,20.4,12.9,7.5,0,197.8,7.5,20.4
35,Darien School District,2010-11,No,383,380,99.2,0,0.8,1.8,2.1,7.1,60,28.9,282.3,88.9,96.1
36,Deep River School District,2010-11,No,**,**,**,**,**,**,**,**,**,**,**,**,**
37,Derby School District,2010-11,No,110,110,100,0,0,20,20.9,25.5,32.7,0.9,228,33.6,59.1
37,Derby School District,2010-11,Yes,**,**,**,**,**,**,**,**,**,**,**,**,**
40,East Granby School District,2010-11,No,67,67,100,0,0,3,1.5,10.4,58.2,26.9,276.6,85.1,95.5
41,East Haddam School District,2010-11,No,135,131,97,0,3,6.1,11.5,15.3,59.5,7.6,255.1,67.2,82.4
42,East Hampton School District,2010-11,No,161,158,98.1,1.2,0.6,1.9,4.4,12,55.7,25.9,276.4,81.6,93.7
43,East Hartford School District,2010-11,No,465,458,98.5,0.2,1.3,36.5,18.8,15.9,25.1,3.7,220,28.8,44.8
43,East Hartford School District,2010-11,Yes,38,33,86.8,0,13.2,81.8,12.1,6.1,0,0,184.4,0,6.1
44,East Haven School District,2010-11,No,273,265,97.1,0.7,2.2,22.3,18.9,15.5,37.7,5.7,236,43.4,58.9
44,East Haven School District,2010-11,Yes,**,**,**,**,**,**,**,**,**,**,**,**,**
45,East Lyme School District,2010-11,No,214,209,97.7,0,2.3,3.3,5.3,10,58.4,23,274.6,81.3,91.4
45,East Lyme School District,2010-11,Yes,**,**,**,**,**,**,**,**,**,**,**,**,**
47,East Windsor School District,2010-11,No,96,95,99,0,1,15.8,7.4,12.6,44.2,20,259.3,64.2,76.8
39,Eastford School District,2010-11,No,**,**,**,**,**,**,**,**,**,**,**,**,**
46,Easton School District,2010-11,No,136,131,96.3,1.5,2.2,3.1,1.5,4.6,66.4,24.4,281.4,90.8,95.4
48,Ellington School District,2010-11,No,215,212,98.6,0,1.4,2.8,4.7,7.1,55.7,29.7,280.4,85.4,92.5
289,Elm City College Preparatory School,2010-11,No,44,44,100,0,0,13.6,6.8,20.5,59.1,0,243.9,59.1,79.5
289,Elm City College Preparatory School,2010-11,Yes,**,**,**,**,**,**,**,**,**,**,**,**,**
49,Enfield School District,2010-11,No,406,397,97.8,0.7,1.5,8.8,13.1,16.6,55.2,6.3,251.5,61.5,78.1
51,Fairfield School District,2010-11,No,757,748,98.8,0.1,1.1,3.3,2.9,9.8,59.2,24.7,276.7,84,93.7
51,Fairfield School District,2010-11,Yes,**,**,**,**,**,**,**,**,**,**,**,**,**
52,Farmington School District,2010-11,No,343,341,99.4,0,0.6,2.1,2.3,5.3,55.7,34.6,287.6,90.3,95.6
52,Farmington School District,2010-11,Yes,**,**,**,**,**,**,**,**,**,**,**,**,**
53,Franklin School District,2010-11,No,21,21,100,0,0,4.8,9.5,19,42.9,23.8,267.1,66.7,85.7
54,Glastonbury School District,2010-11,No,554,549,99.1,0.4,0.5,4.2,2.9,5.5,59.2,28.2,281.6,87.4,92.9
54,Glastonbury School District,2010-11,Yes,**,**,**,**,**,**,**,**,**,**,**,**,**
56,Granby School District,2010-11,No,159,159,100,0,0,0.6,3.8,7.5,54.1,34,284.1,88.1,95.6
56,Granby School District,2010-11,Yes,**,**,**,**,**,**,**,**,**,**,**,**,**
57,Greenwich School District,2010-11,No,606,602,99.3,0.3,0.3,5.8,6.8,9.8,54.2,23.4,271.5,77.6,87.4
57,Greenwich School District,2010-11,Yes,31,22,71,0,29,36.4,18.2,9.1,31.8,4.5,225.5,36.4,45.5
58,Griswold School District,2010-11,No,132,131,99.2,0,0.8,16,5.3,14.5,61.1,3.1,249.4,64.1,78.6
59,Groton School District,2010-11,No,313,309,98.7,0.6,0.6,9.1,6.1,14.2,55,15.5,261.7,70.6,84.8
59,Groton School District,2010-11,Yes,**,**,**,**,**,**,**,**,**,**,**,**,**
60,Guilford School District,2010-11,No,300,295,98.3,0,1.7,1,2,10.5,55.9,30.5,281,86.4,96.9
62,Hamden School District,2010-11,No,444,433,97.5,0.2,2.3,25.6,12,13.9,39,9.5,238,48.5,62.4
62,Hamden School District,2010-11,Yes,**,**,**,**,**,**,**,**,**,**,**,**,**
64,Hartford School District,2010-11,No,1374,1317,95.9,2.3,1.9,36.5,16.5,15.9,26.6,4.6,221.2,31.1,47
64,Hartford School District,2010-11,Yes,283,240,84.8,4.6,10.6,82.1,11.7,3.8,2.5,0,181.7,2.5,6.3
65,Hartland School District,2010-11,No,20,20,100,0,0,5,5,0,65,25,279.9,90,90
286,Highville Charter School District,2010-11,No,**,**,**,**,**,**,**,**,**,**,**,**,**
264,Integrated Day Charter School District,2010-11,No,30,30,100,0,0,6.7,10,20,60,3.3,250.7,63.3,83.3
264,Integrated Day Charter School District,2010-11,Yes,**,**,**,**,**,**,**,**,**,**,**,**,**
265,Interdistrict School for Arts and Comm District,2010-11,No,59,59,100,0,0,11.9,5.1,13.6,61,8.5,253.7,69.5,83.1
261,Jumoke Academy District,2010-11,No,39,39,100,0,0,7.7,15.4,12.8,59,5.1,253.2,64.1,76.9
68,Kent School District,2010-11,No,28,27,96.4,0,3.6,0,7.4,11.1,51.9,29.6,273.3,81.5,92.6
69,Killingly School District,2010-11,No,190,186,97.9,0.5,1.6,13.4,11.3,18.3,53.8,3.2,244.7,57,75.3
69,Killingly School District,2010-11,Yes,**,**,**,**,**,**,**,**,**,**,**,**,**
245,Learn,2010-11,No,**,**,**,**,**,**,**,**,**,**,**,**,**
245,Learn,2010-11,Yes,**,**,**,**,**,**,**,**,**,**,**,**,**
71,Lebanon School District,2010-11,No,103,99,96.1,1,2.9,2,5.1,8.1,64.6,20.2,273.4,84.8,92.9
72,Ledyard School District,2010-11,No,224,214,95.5,1.8,2.7,8.9,7.5,11.2,49.5,22.9,266.8,72.4,83.6
72,Ledyard School District,2010-11,Yes,**,**,**,**,**,**,**,**,**,**,**,**,**
73,Lisbon School District,2010-11,No,68,66,97.1,0,2.9,3,10.6,13.6,65.2,7.6,256.5,72.7,86.4
74,Litchfield School District,2010-11,No,93,93,100,0,0,6.5,3.2,8.6,52.7,29,276.4,81.7,90.3
74,Litchfield School District,2010-11,Yes,**,**,**,**,**,**,**,**,**,**,**,**,**
76,Madison School District,2010-11,No,311,304,97.7,1.3,1,3.3,3.9,7.6,59.9,25.3,278.7,85.2,92.8
77,Manchester School District,2010-11,No,454,433,95.4,2,2.6,23.6,15,16.6,39,5.8,235.4,44.8,61.4
77,Manchester School District,2010-11,Yes,**,**,**,**,**,**,**,**,**,**,**,**,**
78,Mansfield School District,2010-11,No,148,145,98,1.4,0.7,4.1,2.1,4.8,48.3,40.7,290.6,89,93.8
78,Mansfield School District,2010-11,Yes,**,**,**,**,**,**,**,**,**,**,**,**,**
80,Meriden School District,2010-11,No,531,503,94.7,2.8,2.4,26.2,18.9,16.5,36.8,1.6,226.8,38.4,54.9
80,Meriden School District,2010-11,Yes,63,53,84.1,3.2,12.7,79.2,13.2,5.7,1.9,0,184.9,1.9,7.5
83,Middletown School District,2010-11,No,359,352,98.1,0.6,1.4,17.3,13.9,16.5,45.7,6.5,243.3,52.3,68.8
83,Middletown School District,2010-11,Yes,**,**,**,**,**,**,**,**,**,**,**,**,**
84,Milford School District,2010-11,No,577,566,98.1,0.5,1.4,4.4,7.8,12.5,59.5,15.7,266.8,75.3,87.8
84,Milford School District,2010-11,Yes,**,**,**,**,**,**,**,**,**,**,**,**,**
85,Monroe School District,2010-11,No,331,328,99.1,0.6,0.3,3,5.5,7.6,57,26.8,280.4,83.8,91.5
85,Monroe School District,2010-11,Yes,**,**,**,**,**,**,**,**,**,**,**,**,**
86,Montville School District,2010-11,No,219,212,96.8,0,3.2,10.8,9,9.4,54.7,16,261.5,70.8,80.2
86,Montville School District,2010-11,Yes,**,**,**,**,**,**,**,**,**,**,**,**,**
88,Naugatuck School District,2010-11,No,384,380,99,0,1,19.2,11.8,19.7,44.2,5,239.5,49.2,68.9
88,Naugatuck School District,2010-11,Yes,**,**,**,**,**,**,**,**,**,**,**,**,**
280,"New Beginnings Inc., Family Academy District",2010-11,No,23,23,100,0,0,17.4,13,30.4,39.1,0,232.2,39.1,69.6
89,New Britain School District,2010-11,No,581,569,97.9,0.3,1.7,46.4,16.7,14.6,20.9,1.4,210.7,22.3,36.9
89,New Britain School District,2010-11,Yes,137,122,89.1,1.5,9.5,81.1,12.3,4.1,2.5,0,184.9,2.5,6.6
90,New Canaan School District,2010-11,No,293,290,99,0,1,1.4,1.4,4.1,49,44.1,295.7,93.1,97.2
90,New Canaan School District,2010-11,Yes,**,**,**,**,**,**,**,**,**,**,**,**,**
91,New Fairfield School District,2010-11,No,256,255,99.6,0,0.4,5.5,7.1,11,57.3,19.2,269.3,76.5,87.5
91,New Fairfield School District,2010-11,Yes,**,**,**,**,**,**,**,**,**,**,**,**,**
93,New Haven School District,2010-11,No,1274,1242,97.5,0.9,1.6,28.9,15.1,19,32.2,4.8,230.2,37,56
93,New Haven School District,2010-11,Yes,167,138,82.6,1.8,15.6,61.6,18.1,10.9,9.4,0,196.4,9.4,20.3
95,New London School District,2010-11,No,159,152,95.6,1.9,2.5,33.6,21.1,17.8,27,0.7,218,27.6,45.4
95,New London School District,2010-11,Yes,31,26,83.9,3.2,12.9,73.1,11.5,7.7,7.7,0,183.1,7.7,15.4
96,New Milford School District,2010-11,No,386,379,98.2,0.3,1.6,5.5,9.8,13.7,57.8,13.2,260.6,71,84.7
96,New Milford School District,2010-11,Yes,**,**,**,**,**,**,**,**,**,**,**,**,**
94,Newington School District,2010-11,No,349,340,97.4,1.4,1.1,8.5,5.6,12.6,59.4,13.8,261.5,73.2,85.9
94,Newington School District,2010-11,Yes,**,**,**,**,**,**,**,**,**,**,**,**,**
97,Newtown School District,2010-11,No,461,460,99.8,0,0.2,1.5,3,6.1,61.5,27.8,282.3,89.3,95.4
99,North Branford School District,2010-11,No,222,217,97.7,0,2.3,3.2,6.9,12.9,61.3,15.7,266.1,77,89.9
99,North Branford School District,2010-11,Yes,**,**,**,**,**,**,**,**,**,**,**,**,**
100,North Canaan School District,2010-11,No,29,29,100,0,0,3.4,13.8,13.8,58.6,10.3,258.5,69,82.8
101,North Haven School District,2010-11,No,296,290,98,0,2,9,6.2,11.7,60.7,12.4,262.9,73.1,84.8
102,North Stonington School District,2010-11,No,60,59,98.3,0,1.7,5.1,5.1,11.9,52.5,25.4,271.5,78,89.8
102,North Stonington School District,2010-11,Yes,**,**,**,**,**,**,**,**,**,**,**,**,**
103,Norwalk School District,2010-11,No,771,751,97.4,1,1.6,13.4,11.5,14.9,49.1,11.1,250.9,60.2,75.1
103,Norwalk School District,2010-11,Yes,61,57,93.4,0,6.6,61.4,19.3,10.5,8.8,0,197.2,8.8,19.3
104,Norwich School District,2010-11,No,336,329,97.9,0.3,1.8,17,16.4,18.2,41,7.3,240.8,48.3,66.6
104,Norwich School District,2010-11,Yes,37,32,86.5,0,13.5,65.6,21.9,9.4,3.1,0,189.2,3.1,12.5
263,Odyssey Community School District,2010-11,No,31,31,100,0,0,12.9,19.4,9.7,45.2,12.9,251.6,58.1,67.7
106,Old Saybrook School District,2010-11,No,122,121,99.2,0,0.8,7.4,8.3,12.4,57.9,14,262.1,71.9,84.3
108,Oxford School District,2010-11,No,141,140,99.3,0.7,0,2.9,5.7,10,55.7,25.7,275.1,81.4,91.4
108,Oxford School District,2010-11,Yes,**,**,**,**,**,**,**,**,**,**,**,**,**
283,Park City Prep Charter School,2010-11,No,68,67,98.5,1.5,0,22.4,17.9,16.4,40.3,3,233.4,43.3,59.7
109,Plainfield School District,2010-11,No,189,184,97.4,1.1,1.6,7.6,8.7,21.2,53.3,9.2,253,62.5,83.7
109,Plainfield School District,2010-11,Yes,**,**,**,**,**,**,**,**,**,**,**,**,**
110,Plainville School District,2010-11,No,188,187,99.5,0,0.5,7,4.3,10.7,54,24.1,274,78.1,88.8
110,Plainville School District,2010-11,Yes,**,**,**,**,**,**,**,**,**,**,**,**,**
111,Plymouth School District,2010-11,No,156,152,97.4,0.6,1.9,10.5,6.6,18.4,55.9,8.6,256.6,64.5,82.9
111,Plymouth School District,2010-11,Yes,**,**,**,**,**,**,**,**,**,**,**,**,**
112,Pomfret School District,2010-11,No,58,56,96.6,0,3.4,7.1,5.4,8.9,71.4,7.1,263.9,78.6,87.5
113,Portland School District,2010-11,No,106,103,97.2,0,2.8,5.8,3.9,13.6,60.2,16.5,267.6,76.7,90.3
114,Preston School District,2010-11,No,48,47,97.9,0,2.1,2.1,6.4,21.3,61.7,8.5,263.1,70.2,91.5
114,Preston School District,2010-11,Yes,**,**,**,**,**,**,**,**,**,**,**,**,**
116,Putnam School District,2010-11,No,85,82,96.5,1.2,2.4,19.5,15.9,13.4,48.8,2.4,240.4,51.2,64.6
116,Putnam School District,2010-11,Yes,**,**,**,**,**,**,**,**,**,**,**,**,**
117,Redding School District,2010-11,No,149,148,99.3,0.7,0,1.4,3.4,8.1,60.1,27,282.7,87.2,95.3
204,Regional School District 04,2010-11,No,194,194,100,0,0,4.6,4.6,11.3,63.4,16,269.5,79.4,90.7
204,Regional School District 04,2010-11,Yes,**,**,**,**,**,**,**,**,**,**,**,**,**
205,Regional School District 05,2010-11,No,429,424,98.8,0,1.2,2.4,3.1,6.1,63.2,25.2,279.6,88.4,94.6
205,Regional School District 05,2010-11,Yes,**,**,**,**,**,**,**,**,**,**,**,**,**
206,Regional School District 06,2010-11,No,74,74,100,0,0,1.4,2.7,9.5,59.5,27,276,86.5,95.9
206,Regional School District 06,2010-11,Yes,**,**,**,**,**,**,**,**,**,**,**,**,**
207,Regional School District 07,2010-11,No,150,150,100,0,0,4,10,8.7,58,19.3,269.4,77.3,86
208,Regional School District 08,2010-11,No,314,310,98.7,0.3,1,4.8,4.8,12.3,60.3,17.7,268.6,78.1,90.3
210,Regional School District 10,2010-11,No,215,213,99.1,0,0.9,0.9,8,10.8,63.4,16.9,268.7,80.3,91.1
211,Regional School District 11,2010-11,No,67,67,100,0,0,13.4,6,17.9,58.2,4.5,250.1,62.7,80.6
212,Regional School District 12,2010-11,No,79,79,100,0,0,5.1,3.8,11.4,68.4,11.4,265.5,79.7,91.1
213,Regional School District 13,2010-11,No,176,175,99.4,0,0.6,2.9,4,9.1,58.9,25.1,277,84,93.1
214,Regional School District 14,2010-11,No,150,149,99.3,0,0.7,3.4,3.4,8.1,65.1,20.1,272.1,85.2,93.3
214,Regional School District 14,2010-11,Yes,**,**,**,**,**,**,**,**,**,**,**,**,**
215,Regional School District 15,2010-11,No,349,337,96.6,1.7,1.7,2.4,4.5,6.8,63.2,23.1,276.4,86.4,93.2
215,Regional School District 15,2010-11,Yes,**,**,**,**,**,**,**,**,**,**,**,**,**
216,Regional School District 16,2010-11,No,193,191,99,0,1,4.7,6.3,10.5,63.4,15.2,265.6,78.5,89
217,Regional School District 17,2010-11,No,212,206,97.2,0,2.8,2.4,3.4,7.3,58.3,28.6,281.3,86.9,94.2
218,Regional School District 18,2010-11,No,94,94,100,0,0,6.4,3.2,7.4,46.8,36.2,281.1,83,90.4
118,Ridgefield School District,2010-11,No,443,434,98,1.1,0.9,4.6,3.7,6.2,57.1,28.3,279.5,85.5,91.7
118,Ridgefield School District,2010-11,Yes,**,**,**,**,**,**,**,**,**,**,**,**,**
119,Rocky Hill School District,2010-11,No,212,210,99.1,0,0.9,5.2,6.2,10,56.7,21.9,271.8,78.6,88.6
119,Rocky Hill School District,2010-11,Yes,**,**,**,**,**,**,**,**,**,**,**,**,**
121,Salem School District,2010-11,No,62,62,100,0,0,1.6,4.8,8.1,72.6,12.9,275.1,85.5,93.5
122,Salisbury School District,2010-11,No,30,30,100,0,0,3.3,0,10,56.7,30,282.1,86.7,96.7
124,Seymour School District,2010-11,No,188,185,98.4,0,1.6,12.4,11.4,20,51.4,4.9,246,56.2,76.2
125,Sharon School District,2010-11,No,**,**,**,**,**,**,**,**,**,**,**,**,**
126,Shelton School District,2010-11,No,435,430,98.9,0.5,0.7,6.3,9.5,17.2,57.9,9.1,256.6,67,84.2
126,Shelton School District,2010-11,Yes,**,**,**,**,**,**,**,**,**,**,**,**,**
127,Sherman School District,2010-11,No,58,58,100,0,0,8.6,10.3,8.6,56.9,15.5,260.7,72.4,81
270,Side By Side Community School District,2010-11,No,20,20,100,0,0,30,15,30,25,0,220.9,25,55
128,Simsbury School District,2010-11,No,401,398,99.3,0,0.7,3.8,3.5,5.3,47.7,39.7,288.3,87.4,92.7
128,Simsbury School District,2010-11,Yes,**,**,**,**,**,**,**,**,**,**,**,**,**
129,Somers School District,2010-11,No,133,130,97.7,0,2.3,3.1,6.2,5.4,60,25.4,278.9,85.4,90.8
129,Somers School District,2010-11,Yes,**,**,**,**,**,**,**,**,**,**,**,**,**
132,South Windsor School District,2010-11,No,385,377,97.9,0,2.1,4,4.8,10.6,53.6,27.1,277.7,80.6,91.2
132,South Windsor School District,2010-11,Yes,**,**,**,**,**,**,**,**,**,**,**,**,**
131,Southington School District,2010-11,No,532,523,98.3,0,1.7,6.3,6.9,12.6,57.7,16.4,265,74.2,86.8
131,Southington School District,2010-11,Yes,**,**,**,**,**,**,**,**,**,**,**,**,**
133,Sprague School District,2010-11,No,27,27,100,0,0,3.7,14.8,3.7,55.6,22.2,271,77.8,81.5
134,Stafford School District,2010-11,No,114,113,99.1,0,0.9,4.4,4.4,9.7,53.1,28.3,277.4,81.4,91.2
135,Stamford School District,2010-11,No,933,917,98.3,0.4,1.3,15.4,10.7,18.1,48.3,7.5,246,55.8,73.9
135,Stamford School District,2010-11,Yes,117,99,84.6,0.9,14.5,64.6,18.2,11.1,6.1,0,196.6,6.1,17.2
136,Sterling School District,2010-11,No,51,50,98,0,2,10,10,12,62,6,251,68,80
137,Stonington School District,2010-11,No,208,205,98.6,0,1.4,6.3,5.9,8.8,66.8,12.2,264.1,79,87.8
138,Stratford School District,2010-11,No,559,554,99.1,0,0.9,14.3,12.8,19.7,43.5,9.7,246.9,53.2,72.9
138,Stratford School District,2010-11,Yes,**,**,**,**,**,**,**,**,**,**,**,**,**
139,Suffield School District,2010-11,No,207,207,100,0,0,4.8,4.3,5.8,66.7,18.4,272.1,85,90.8
269,The Bridge Academy District,2010-11,No,49,49,100,0,0,40.8,32.7,10.2,16.3,0,207.7,16.3,26.5
269,The Bridge Academy District,2010-11,Yes,**,**,**,**,**,**,**,**,**,**,**,**,**
140,Thomaston School District,2010-11,No,94,94,100,0,0,7.4,9.6,5.3,63.8,13.8,263.4,77.7,83
141,Thompson School District,2010-11,No,114,114,100,0,0,11.4,11.4,10.5,61.4,5.3,250.5,66.7,77.2
142,Tolland School District,2010-11,No,248,246,99.2,0.4,0.4,2,5.3,6.9,64.2,21.5,277.3,85.8,92.7
142,Tolland School District,2010-11,Yes,**,**,**,**,**,**,**,**,**,**,**,**,**
143,Torrington School District,2010-11,No,368,354,96.2,0.5,3.3,15.3,13,16.9,47.5,7.3,244.9,54.8,71.8
143,Torrington School District,2010-11,Yes,**,**,**,**,**,**,**,**,**,**,**,**,**
278,Trailblazers Academy District,2010-11,No,56,54,96.4,0,3.6,51.9,22.2,7.4,16.7,1.9,205.8,18.5,25.9
144,Trumbull School District,2010-11,No,558,550,98.6,0,1.4,3.3,4.7,8.4,60.9,22.7,276.3,83.6,92
145,Union School District,2010-11,No,**,**,**,**,**,**,**,**,**,**,**,**,**
146,Vernon School District,2010-11,No,274,268,97.8,0,2.2,13.4,9.7,17.9,51.5,7.5,248.9,59,76.9
146,Vernon School District,2010-11,Yes,**,**,**,**,**,**,**,**,**,**,**,**,**
147,Voluntown School District,2010-11,No,31,31,100,0,0,9.7,3.2,12.9,67.7,6.5,260.3,74.2,87.1
148,Wallingford School District,2010-11,No,511,504,98.6,0.4,1,5.6,6.3,12.3,58.3,17.5,265.7,75.8,88.1
148,Wallingford School District,2010-11,Yes,**,**,**,**,**,**,**,**,**,**,**,**,**
151,Waterbury School District,2010-11,No,1241,1195,96.3,1.6,2.1,36.3,18.1,18.3,26.5,0.8,218.2,27.3,45.6
151,Waterbury School District,2010-11,Yes,178,148,83.1,2.8,14,81.1,14.9,4.1,0,0,182.7,0,4.1
152,Waterford School District,2010-11,No,236,235,99.6,0,0.4,2.6,5.1,8.9,54.9,28.5,279.1,83.4,92.3
152,Waterford School District,2010-11,Yes,**,**,**,**,**,**,**,**,**,**,**,**,**
153,Watertown School District,2010-11,No,256,248,96.9,0,3.1,8.9,8.1,10.9,59.3,12.9,259.7,72.2,83.1
153,Watertown School District,2010-11,Yes,**,**,**,**,**,**,**,**,**,**,**,**,**
155,West Hartford School District,2010-11,No,693,682,98.4,0,1.6,7.9,6.2,10.1,58.5,17.3,266,75.8,85.9
155,West Hartford School District,2010-11,Yes,23,20,87,0,13,45,10,25,15,5,214.9,20,45
156,West Haven School District,2010-11,No,448,440,98.2,0.4,1.3,15.9,13.6,19.1,46.4,5,242,51.4,70.5
156,West Haven School District,2010-11,Yes,35,33,94.3,0,5.7,45.5,30.3,6.1,18.2,0,208.2,18.2,24.2
154,Westbrook School District,2010-11,No,79,79,100,0,0,7.6,8.9,17.7,62,3.8,254.5,65.8,83.5
157,Weston School District,2010-11,No,178,175,98.3,0.6,1.1,2.3,2.3,7.4,61.7,26.3,281.5,88,95.4
157,Weston School District,2010-11,Yes,**,**,**,**,**,**,**,**,**,**,**,**,**
158,Westport School District,2010-11,No,438,434,99.1,0,0.9,0.9,0.9,4.8,59.4,33.9,290.3,93.3,98.2
158,Westport School District,2010-11,Yes,**,**,**,**,**,**,**,**,**,**,**,**,**
159,Wethersfield School District,2010-11,No,289,281,97.2,0.7,2.1,5.7,8.2,16.4,59.4,10.3,259.7,69.8,86.1
159,Wethersfield School District,2010-11,Yes,**,**,**,**,**,**,**,**,**,**,**,**,**
160,Willington School District,2010-11,No,68,68,100,0,0,1.5,2.9,10.3,63.2,22.1,276,85.3,95.6
160,Willington School District,2010-11,Yes,**,**,**,**,**,**,**,**,**,**,**,**,**
161,Wilton School District,2010-11,No,348,346,99.4,0,0.6,0.6,3.2,4.9,52.3,39,289.7,91.3,96.2
161,Wilton School District,2010-11,Yes,**,**,**,**,**,**,**,**,**,**,**,**,**
162,Winchester School District,2010-11,No,109,106,97.2,0.9,1.8,15.1,12.3,18.9,50.9,2.8,243.1,53.8,72.6
162,Winchester School District,2010-11,Yes,**,**,**,**,**,**,**,**,**,**,**,**,**
163,Windham School District,2010-11,No,180,176,97.8,0.6,1.7,34.1,15.9,21.6,27.8,0.6,218.2,28.4,50
163,Windham School District,2010-11,Yes,50,45,90,0,10,84.4,11.1,4.4,0,0,183.2,0,4.4
165,Windsor Locks School District,2010-11,No,146,145,99.3,0,0.7,19.3,6.9,13.1,53.8,6.9,245.3,60.7,73.8
165,Windsor Locks School District,2010-11,Yes,**,**,**,**,**,**,**,**,**,**,**,**,**
164,Windsor School District,2010-11,No,282,276,97.9,0.7,1.4,12.7,12,17,46.7,11.6,250,58.3,75.4
164,Windsor School District,2010-11,Yes,**,**,**,**,**,**,**,**,**,**,**,**,**
166,Wolcott School District,2010-11,No,207,207,100,0,0,3.9,3.9,6.8,61.4,24.2,276.3,85.5,92.3
166,Wolcott School District,2010-11,Yes,**,**,**,**,**,**,**,**,**,**,**,**,**
169,Woodstock School District,2010-11,No,125,123,98.4,0,1.6,0.8,1.6,11.4,63.4,22.8,280.4,86.2,97.6
169,Woodstock School District,2010-11,Yes,**,**,**,**,**,**,**,**,**,**,**,**,**
279,Amistad Academy District,2009-10,No,53,53,100,0,0,13.2,15.1,22.6,45.3,3.8,238.6,49.1,71.7
279,Amistad Academy District,2009-10,Yes,**,**,**,**,**,**,**,**,**,**,**,**,**
2,Ansonia School District,2009-10,No,201,196,97.5,0,2.5,20.9,17.9,17.3,40.8,3.1,233.5,43.9,61.2
2,Ansonia School District,2009-10,Yes,**,**,**,**,**,**,**,**,**,**,**,**,**
244,Area Cooperative Educational Services,2009-10,No,317,316,99.7,0.3,0,16.8,14.2,19.6,42.7,6.6,241.2,49.4,69
244,Area Cooperative Educational Services,2009-10,Yes,**,**,**,**,**,**,**,**,**,**,**,**,**
3,Ashford School District,2009-10,No,57,57,100,0,0,8.8,7,10.5,61.4,12.3,260.8,73.7,84.2
4,Avon School District,2009-10,No,319,315,98.7,0,1.3,2.2,2.2,6.7,63.5,25.4,280.1,88.9,95.6
4,Avon School District,2009-10,Yes,**,**,**,**,**,**,**,**,**,**,**,**,**
7,Berlin School District,2009-10,No,246,245,99.6,0,0.4,2,3.7,13.9,53.9,26.5,277.1,80.4,94.3
7,Berlin School District,2009-10,Yes,**,**,**,**,**,**,**,**,**,**,**,**,**
9,Bethel School District,2009-10,No,240,235,97.9,0,2.1,5.1,6,9.4,59.6,20,270.6,79.6,88.9
9,Bethel School District,2009-10,Yes,**,**,**,**,**,**,**,**,**,**,**,**,**
11,Bloomfield School District,2009-10,No,158,158,100,0,0,19.6,20.3,22.8,36.1,1.3,231.9,37.3,60.1
11,Bloomfield School District,2009-10,Yes,**,**,**,**,**,**,**,**,**,**,**,**,**
12,Bolton School District,2009-10,No,97,96,99,0,1,3.1,5.2,6.2,64.6,20.8,274.6,85.4,91.7
13,Bozrah School District,2009-10,No,35,35,100,0,0,0,2.9,22.9,45.7,28.6,269.4,74.3,97.1
14,Branford School District,2009-10,No,313,309,98.7,0,1.3,3.2,8.4,8.7,62.8,16.8,269.5,79.6,88.3
14,Branford School District,2009-10,Yes,**,**,**,**,**,**,**,**,**,**,**,**,**
15,Bridgeport School District,2009-10,No,1282,1236,96.4,1.3,2.3,34.2,18.4,19.3,26.8,1.4,219.7,28.2,47.4
15,Bridgeport School District,2009-10,Yes,194,157,80.9,2.1,17,70.7,17.2,7.6,4.5,0,191.3,4.5,12.1
17,Bristol School District,2009-10,No,711,695,97.7,0.8,1.4,9.2,9.9,12.8,56,12.1,258.1,68.1,80.9
17,Bristol School District,2009-10,Yes,**,**,**,**,**,**,**,**,**,**,**,**,**
18,Brookfield School District,2009-10,No,242,242,100,0,0,2.1,3.3,6.6,62.8,25.2,281.2,88,94.6
18,Brookfield School District,2009-10,Yes,**,**,**,**,**,**,**,**,**,**,**,**,**
19,Brooklyn School District,2009-10,No,93,92,98.9,0,1.1,5.4,7.6,15.2,48.9,22.8,270.6,71.7,87
21,Canaan School District,2009-10,No,**,**,**,**,**,**,**,**,**,**,**,**,**
22,Canterbury School District,2009-10,No,55,54,98.2,0,1.8,1.9,1.9,9.3,68.5,18.5,275.6,87,96.3
23,Canton School District,2009-10,No,153,153,100,0,0,4.6,6.5,8.5,62.1,18.3,269.3,80.4,88.9
241,Capitol Region Education Council,2009-10,No,355,354,99.7,0,0.3,14.7,16.9,14.7,47.2,6.5,246.3,53.7,68.4
241,Capitol Region Education Council,2009-10,Yes,**,**,**,**,**,**,**,**,**,**,**,**,**
25,Cheshire School District,2009-10,No,415,414,99.8,0,0.2,3.4,3.6,5.3,62.1,25.6,279.7,87.7,93
25,Cheshire School District,2009-10,Yes,**,**,**,**,**,**,**,**,**,**,**,**,**
27,Clinton School District,2009-10,No,160,157,98.1,0,1.9,3.2,4.5,9.6,66.9,15.9,270.9,82.8,92.4
27,Clinton School District,2009-10,Yes,**,**,**,**,**,**,**,**,**,**,**,**,**
28,Colchester School District,2009-10,No,263,260,98.9,0.4,0.8,3.1,5,11.9,62.7,17.3,271.8,80,91.9
28,Colchester School District,2009-10,Yes,**,**,**,**,**,**,**,**,**,**,**,**,**
30,Columbia School District,2009-10,No,69,68,98.6,0,1.4,2.9,2.9,16.2,67.6,10.3,267.6,77.9,94.1
30,Columbia School District,2009-10,Yes,**,**,**,**,**,**,**,**,**,**,**,**,**
243,Cooperative Educational Services,2009-10,No,29,29,100,0,0,17.2,13.8,20.7,48.3,0,243.3,48.3,69
31,Cornwall School District,2009-10,No,**,**,**,**,**,**,**,**,**,**,**,**,**
32,Coventry School District,2009-10,No,167,166,99.4,0,0.6,9.6,7.2,12.7,60.8,9.6,259.3,70.5,83.1
33,Cromwell School District,2009-10,No,146,144,98.6,0,1.4,3.5,4.9,9,64.6,18.1,270.2,82.6,91.7
33,Cromwell School District,2009-10,Yes,**,**,**,**,**,**,**,**,**,**,**,**,**
34,Danbury School District,2009-10,No,643,622,96.7,1.6,1.7,12.5,12.7,16.7,51.4,6.6,247.8,58,74.8
34,Danbury School District,2009-10,Yes,98,80,81.6,2,16.3,47.5,27.5,18.8,5,1.2,203.9,6.3,25
35,Darien School District,2009-10,No,377,374,99.2,0,0.8,1.6,3.2,7.5,59.4,28.3,280.6,87.7,95.2
37,Derby School District,2009-10,No,109,109,100,0,0,23.9,15.6,16.5,42.2,1.8,230.4,44,60.6
37,Derby School District,2009-10,Yes,**,**,**,**,**,**,**,**,**,**,**,**,**
40,East Granby School District,2009-10,No,74,74,100,0,0,4.1,8.1,9.5,59.5,18.9,272.7,78.4,87.8
41,East Haddam School District,2009-10,No,115,112,97.4,0.9,1.7,4.5,9.8,18.8,62.5,4.5,256.5,67,85.7
42,East Hampton School District,2009-10,No,153,151,98.7,0,1.3,4,4,9.3,57,25.8,278.4,82.8,92.1
42,East Hampton School District,2009-10,Yes,**,**,**,**,**,**,**,**,**,**,**,**,**
43,East Hartford School District,2009-10,No,421,412,97.9,0.2,1.9,32.5,17,17,28.9,4.6,225.3,33.5,50.5
43,East Hartford School District,2009-10,Yes,38,35,92.1,0,7.9,62.9,20,14.3,2.9,0,193.9,2.9,17.1
44,East Haven School District,2009-10,No,296,291,98.3,0.7,1,25.4,10.7,17.2,40.5,6.2,236.9,46.7,63.9
44,East Haven School District,2009-10,Yes,**,**,**,**,**,**,**,**,**,**,**,**,**
45,East Lyme School District,2009-10,No,226,221,97.8,0.9,1.3,4.1,5,14.9,61.5,14.5,266.8,76,91
45,East Lyme School District,2009-10,Yes,**,**,**,**,**,**,**,**,**,**,**,**,**
47,East Windsor School District,2009-10,No,110,109,99.1,0,0.9,12.8,6.4,8.3,57.8,14.7,263.6,72.5,80.7
47,East Windsor School District,2009-10,Yes,**,**,**,**,**,**,**,**,**,**,**,**,**
39,Eastford School District,2009-10,No,**,**,**,**,**,**,**,**,**,**,**,**,**
46,Easton School District,2009-10,No,125,124,99.2,0.8,0,3.2,2.4,6.5,59.7,28.2,280.8,87.9,94.4
48,Ellington School District,2009-10,No,199,199,100,0,0,3.5,6,8.5,61.8,20.1,275,81.9,90.5
48,Ellington School District,2009-10,Yes,**,**,**,**,**,**,**,**,**,**,**,**,**
289,Elm City College Preparatory School,2009-10,No,39,39,100,0,0,10.3,10.3,17.9,56.4,5.1,248.7,61.5,79.5
289,Elm City College Preparatory School,2009-10,Yes,**,**,**,**,**,**,**,**,**,**,**,**,**
49,Enfield School District,2009-10,No,453,445,98.2,0.7,1.1,8.8,10.1,17.5,57.8,5.8,251.3,63.6,81.1
49,Enfield School District,2009-10,Yes,**,**,**,**,**,**,**,**,**,**,**,**,**
51,Fairfield School District,2009-10,No,783,779,99.5,0.1,0.4,3.5,3.9,7.2,56,29.5,280.5,85.5,92.7
51,Fairfield School District,2009-10,Yes,**,**,**,**,**,**,**,**,**,**,**,**,**
52,Farmington School District,2009-10,No,350,347,99.1,0.9,0,5.8,3.7,4.9,47.6,38,285,85.6,90.5
52,Farmington School District,2009-10,Yes,**,**,**,**,**,**,**,**,**,**,**,**,**
53,Franklin School District,2009-10,No,31,28,90.3,3.2,6.5,0,0,10.7,71.4,17.9,277.9,89.3,100
54,Glastonbury School District,2009-10,No,580,571,98.4,0.2,1.4,5.1,4.4,8.1,59.9,22.6,274.5,82.5,90.5
54,Glastonbury School District,2009-10,Yes,**,**,**,**,**,**,**,**,**,**,**,**,**
56,Granby School District,2009-10,No,192,192,100,0,0,2.6,2.1,6.8,55.7,32.8,287.3,88.5,95.3
56,Granby School District,2009-10,Yes,**,**,**,**,**,**,**,**,**,**,**,**,**
57,Greenwich School District,2009-10,No,616,612,99.4,0.2,0.5,6.5,5.9,11.9,58,17.6,267.9,75.7,87.6
57,Greenwich School District,2009-10,Yes,34,23,67.6,0,32.4,43.5,8.7,13,34.8,0,220,34.8,47.8
58,Griswold School District,2009-10,No,143,139,97.2,0.7,2.1,8.6,10.8,13.7,63.3,3.6,250.7,66.9,80.6
58,Griswold School District,2009-10,Yes,**,**,**,**,**,**,**,**,**,**,**,**,**
59,Groton School District,2009-10,No,347,343,98.8,0,1.2,9.9,8.5,14.9,56.3,10.5,255.5,66.8,81.6
59,Groton School District,2009-10,Yes,**,**,**,**,**,**,**,**,**,**,**,**,**
60,Guilford School District,2009-10,No,316,311,98.4,0,1.6,2.6,3.2,6.4,63.3,24.4,280.4,87.8,94.2
62,Hamden School District,2009-10,No,458,448,97.8,0.2,2,21.4,11.8,15.6,43.5,7.6,241.4,51.1,66.7
62,Hamden School District,2009-10,Yes,**,**,**,**,**,**,**,**,**,**,**,**,**
64,Hartford School District,2009-10,No,1362,1300,95.4,2.3,2.3,31.4,18.8,18.8,28.1,3,223.1,31.1,49.8
64,Hartford School District,2009-10,Yes,266,225,84.6,2.3,13.2,74.2,12.9,9.3,3.6,0,187.5,3.6,12.9
65,Hartland School District,2009-10,No,26,25,96.2,0,3.8,0,4,0,68,28,285.3,96,96
286,Highville Charter School District,2009-10,No,**,**,**,**,**,**,**,**,**,**,**,**,**
264,Integrated Day Charter School District,2009-10,No,35,35,100,0,0,8.6,8.6,5.7,62.9,14.3,253.7,77.1,82.9
265,Interdistrict School for Arts and Comm District,2009-10,No,53,53,100,0,0,18.9,15.1,11.3,47.2,7.5,248,54.7,66
265,Interdistrict School for Arts and Comm District,2009-10,Yes,**,**,**,**,**,**,**,**,**,**,**,**,**
261,Jumoke Academy District,2009-10,No,42,42,100,0,0,9.5,26.2,11.9,47.6,4.8,240.1,52.4,64.3
68,Kent School District,2009-10,No,29,29,100,0,0,6.9,0,17.2,55.2,20.7,266.6,75.9,93.1
69,Killingly School District,2009-10,No,207,203,98.1,0,1.9,10.3,6.4,17.2,64,2,248.3,66,83.3
69,Killingly School District,2009-10,Yes,**,**,**,**,**,**,**,**,**,**,**,**,**
245,Learn,2009-10,No,**,**,**,**,**,**,**,**,**,**,**,**,**
245,Learn,2009-10,Yes,**,**,**,**,**,**,**,**,**,**,**,**,**
71,Lebanon School District,2009-10,No,106,104,98.1,0,1.9,3.8,5.8,13.5,62.5,14.4,266.1,76.9,90.4
72,Ledyard School District,2009-10,No,225,222,98.7,0,1.3,5.4,9.5,11.3,52.3,21.6,268.9,73.9,85.1
72,Ledyard School District,2009-10,Yes,**,**,**,**,**,**,**,**,**,**,**,**,**
73,Lisbon School District,2009-10,No,75,73,97.3,0,2.7,9.6,11,15.1,57.5,6.8,251.8,64.4,79.5
74,Litchfield School District,2009-10,No,80,80,100,0,0,2.5,1.2,5,77.5,13.8,275,91.3,96.3
76,Madison School District,2009-10,No,307,306,99.7,0,0.3,1.6,1.3,4.6,64.1,28.4,284.5,92.5,97.1
76,Madison School District,2009-10,Yes,**,**,**,**,**,**,**,**,**,**,**,**,**
77,Manchester School District,2009-10,No,462,450,97.4,0.4,2.2,20.4,14.9,17.6,41.3,5.8,237.6,47.1,64.7
77,Manchester School District,2009-10,Yes,**,**,**,**,**,**,**,**,**,**,**,**,**
78,Mansfield School District,2009-10,No,141,138,97.9,0,2.1,2.9,2.9,9.4,48.6,36.2,286.9,84.8,94.2
78,Mansfield School District,2009-10,Yes,**,**,**,**,**,**,**,**,**,**,**,**,**
80,Meriden School District,2009-10,No,495,472,95.4,1.8,2.8,24.6,20.3,18.2,34.7,2.1,228.2,36.9,55.1
80,Meriden School District,2009-10,Yes,50,43,86,2,12,79.1,11.6,7,2.3,0,186.2,2.3,9.3
83,Middletown School District,2009-10,No,380,372,97.9,0,2.1,21.8,15.6,12.1,43.3,7.3,240.2,50.5,62.6
83,Middletown School District,2009-10,Yes,**,**,**,**,**,**,**,**,**,**,**,**,**
84,Milford School District,2009-10,No,577,572,99.1,0,0.9,5.6,6.6,13.8,64,10,262.8,74,87.8
84,Milford School District,2009-10,Yes,**,**,**,**,**,**,**,**,**,**,**,**,**
85,Monroe School District,2009-10,No,346,344,99.4,0,0.6,3.5,6.1,9,57.6,23.8,274.7,81.4,90.4
85,Monroe School District,2009-10,Yes,**,**,**,**,**,**,**,**,**,**,**,**,**
86,Montville School District,2009-10,No,214,212,99.1,0,0.9,7.1,6.1,11.3,56.6,18.9,264.5,75.5,86.8
86,Montville School District,2009-10,Yes,**,**,**,**,**,**,**,**,**,**,**,**,**
88,Naugatuck School District,2009-10,No,350,345,98.6,0.3,1.1,14.5,11.6,15.9,49.6,8.4,246.3,58,73.9
88,Naugatuck School District,2009-10,Yes,**,**,**,**,**,**,**,**,**,**,**,**,**
280,"New Beginnings Inc., Family Academy District",2009-10,No,29,29,100,0,0,6.9,10.3,31,41.4,10.3,251.1,51.7,82.8
89,New Britain School District,2009-10,No,584,566,96.9,0.7,2.4,39.9,18.4,16.8,23.9,1.1,215.8,24.9,41.7
89,New Britain School District,2009-10,Yes,135,121,89.6,0.7,9.6,86.8,8.3,4.1,0.8,0,178.1,0.8,5
90,New Canaan School District,2009-10,No,334,330,98.8,0,1.2,2.4,0.9,4.5,53.6,38.5,290.8,92.1,96.7
91,New Fairfield School District,2009-10,No,233,231,99.1,0.9,0,3.9,6.9,7.8,57.6,23.8,273.3,81.4,89.2
93,New Haven School District,2009-10,No,1127,1096,97.2,0.7,2,28.4,20.4,18.2,29.9,3.1,225.4,33,51.2
93,New Haven School District,2009-10,Yes,126,103,81.7,1.6,16.7,59.2,21.4,12.6,6.8,0,197.2,6.8,19.4
95,New London School District,2009-10,No,163,155,95.1,1.2,3.7,31.6,16.8,23.9,26.5,1.3,221,27.7,51.6
95,New London School District,2009-10,Yes,52,46,88.5,0,11.5,60.9,19.6,15.2,4.3,0,194.8,4.3,19.6
96,New Milford School District,2009-10,No,377,376,99.7,0,0.3,5.3,8.8,10.1,62,13.8,264,75.8,85.9
96,New Milford School District,2009-10,Yes,**,**,**,**,**,**,**,**,**,**,**,**,**
94,Newington School District,2009-10,No,362,354,97.8,0.6,1.7,6.5,7.9,13.3,60.7,11.6,261.3,72.3,85.6
94,Newington School District,2009-10,Yes,**,**,**,**,**,**,**,**,**,**,**,**,**
97,Newtown School District,2009-10,No,431,428,99.3,0,0.7,3,3.5,7,58.9,27.6,281.5,86.4,93.5
97,Newtown School District,2009-10,Yes,**,**,**,**,**,**,**,**,**,**,**,**,**
99,North Branford School District,2009-10,No,188,185,98.4,0,1.6,4.9,8.6,14.6,57.3,14.6,264,71.9,86.5
99,North Branford School District,2009-10,Yes,**,**,**,**,**,**,**,**,**,**,**,**,**
100,North Canaan School District,2009-10,No,37,37,100,0,0,5.4,5.4,13.5,70.3,5.4,254.7,75.7,89.2
101,North Haven School District,2009-10,No,322,315,97.8,0.3,1.9,5.1,5.7,8.6,61.6,19,270.8,80.6,89.2
101,North Haven School District,2009-10,Yes,**,**,**,**,**,**,**,**,**,**,**,**,**
102,North Stonington School District,2009-10,No,62,61,98.4,0,1.6,3.3,11.5,8.2,62.3,14.8,265.6,77,85.2
103,Norwalk School District,2009-10,No,704,691,98.2,0.6,1.3,15.8,13.6,18.7,42.4,9.6,246.3,52,70.6
103,Norwalk School District,2009-10,Yes,76,67,88.2,0,11.8,55.2,26.9,9,7.5,1.5,201.2,9,17.9
104,Norwich School District,2009-10,No,385,377,97.9,0,2.1,21.5,14.9,14.9,43,5.8,237.6,48.8,63.7
104,Norwich School District,2009-10,Yes,36,27,75,0,25,70.4,22.2,7.4,0,0,183.2,0,7.4
263,Odyssey Community School District,2009-10,No,33,32,97,3,0,9.4,6.2,18.8,62.5,3.1,249.2,65.6,84.4
106,Old Saybrook School District,2009-10,No,120,118,98.3,0,1.7,5.1,12.7,9.3,61.9,11,260.5,72.9,82.2
106,Old Saybrook School District,2009-10,Yes,**,**,**,**,**,**,**,**,**,**,**,**,**
108,Oxford School District,2009-10,No,187,186,99.5,0.5,0,4.3,10.8,12.9,53.8,18.3,265.4,72,84.9
108,Oxford School District,2009-10,Yes,**,**,**,**,**,**,**,**,**,**,**,**,**
283,Park City Prep Charter School,2009-10,No,78,78,100,0,0,34.6,14.1,21.8,28.2,1.3,223.1,29.5,51.3
283,Park City Prep Charter School,2009-10,Yes,**,**,**,**,**,**,**,**,**,**,**,**,**
109,Plainfield School District,2009-10,No,187,185,98.9,0,1.1,7.6,12.4,18.4,57.3,4.3,253.8,61.6,80
110,Plainville School District,2009-10,No,185,181,97.8,0.5,1.6,7.2,4.4,5.5,46.4,36.5,287.3,82.9,88.4
110,Plainville School District,2009-10,Yes,**,**,**,**,**,**,**,**,**,**,**,**,**
111,Plymouth School District,2009-10,No,169,166,98.2,0,1.8,7.8,7.8,15.7,57.8,10.8,259,68.7,84.3
111,Plymouth School District,2009-10,Yes,**,**,**,**,**,**,**,**,**,**,**,**,**
112,Pomfret School District,2009-10,No,65,63,96.9,0,3.1,6.3,11.1,7.9,68.3,6.3,259.9,74.6,82.5
113,Portland School District,2009-10,No,134,134,100,0,0,5.2,8.2,11.9,50,24.6,270.5,74.6,86.6
114,Preston School District,2009-10,No,57,57,100,0,0,8.8,12.3,14,63.2,1.8,247.5,64.9,78.9
114,Preston School District,2009-10,Yes,**,**,**,**,**,**,**,**,**,**,**,**,**
116,Putnam School District,2009-10,No,77,76,98.7,0,1.3,26.3,11.8,10.5,50,1.3,237.9,51.3,61.8
116,Putnam School District,2009-10,Yes,**,**,**,**,**,**,**,**,**,**,**,**,**
117,Redding School District,2009-10,No,139,138,99.3,0,0.7,2.9,4.3,8.7,60.1,23.9,275.3,84.1,92.8
117,Redding School District,2009-10,Yes,**,**,**,**,**,**,**,**,**,**,**,**,**
204,Regional School District 04,2009-10,No,157,156,99.4,0.6,0,5.1,5.1,9,60.9,19.9,268.6,80.8,89.7
205,Regional School District 05,2009-10,No,440,432,98.2,0,1.8,4.4,3.5,8.8,61.8,21.5,275.8,83.3,92.1
205,Regional School District 05,2009-10,Yes,**,**,**,**,**,**,**,**,**,**,**,**,**
206,Regional School District 06,2009-10,No,79,79,100,0,0,10.1,2.5,10.1,60.8,16.5,268.3,77.2,87.3
206,Regional School District 06,2009-10,Yes,**,**,**,**,**,**,**,**,**,**,**,**,**
207,Regional School District 07,2009-10,No,196,195,99.5,0,0.5,6.7,3.1,9.7,62.6,17.9,271.6,80.5,90.3
208,Regional School District 08,2009-10,No,342,338,98.8,0,1.2,3.8,7.7,11.5,61.5,15.4,266.6,76.9,88.5
210,Regional School District 10,2009-10,No,245,243,99.2,0,0.8,3.3,6.2,8.6,66.3,15.6,267.5,81.9,90.5
210,Regional School District 10,2009-10,Yes,**,**,**,**,**,**,**,**,**,**,**,**,**
211,Regional School District 11,2009-10,No,67,67,100,0,0,13.4,9,13.4,55.2,9,251.3,64.2,77.6
212,Regional School District 12,2009-10,No,81,81,100,0,0,7.4,12.3,21,53.1,6.2,252.4,59.3,80.2
213,Regional School District 13,2009-10,No,167,166,99.4,0,0.6,6,6.6,10.8,53,23.5,269.9,76.5,87.3
214,Regional School District 14,2009-10,No,172,171,99.4,0,0.6,4.1,8.2,8.8,64.3,14.6,266.2,78.9,87.7
214,Regional School District 14,2009-10,Yes,**,**,**,**,**,**,**,**,**,**,**,**,**
215,Regional School District 15,2009-10,No,371,368,99.2,0,0.8,2.2,5.4,10.9,58.2,23.4,274.7,81.5,92.4
215,Regional School District 15,2009-10,Yes,**,**,**,**,**,**,**,**,**,**,**,**,**
216,Regional School District 16,2009-10,No,220,214,97.3,0.5,2.3,8.9,11.2,13.6,58.4,7.9,254.9,66.4,79.9
216,Regional School District 16,2009-10,Yes,**,**,**,**,**,**,**,**,**,**,**,**,**
217,Regional School District 17,2009-10,No,198,198,100,0,0,8.6,3,6.1,58.6,23.7,273,82.3,88.4
217,Regional School District 17,2009-10,Yes,**,**,**,**,**,**,**,**,**,**,**,**,**
218,Regional School District 18,2009-10,No,122,121,99.2,0,0.8,2.5,5.8,0.8,52.9,38,287.7,90.9,91.7
118,Ridgefield School District,2009-10,No,462,461,99.8,0.2,0,2.2,1.7,6.9,59.2,29.9,282.1,89.2,96.1
118,Ridgefield School District,2009-10,Yes,**,**,**,**,**,**,**,**,**,**,**,**,**
119,Rocky Hill School District,2009-10,No,200,198,99,0,1,3.5,5.1,9.1,57.1,25.3,275.6,82.3,91.4
119,Rocky Hill School District,2009-10,Yes,**,**,**,**,**,**,**,**,**,**,**,**,**
121,Salem School District,2009-10,No,72,72,100,0,0,2.8,5.6,6.9,72.2,12.5,268.5,84.7,91.7
122,Salisbury School District,2009-10,No,26,26,100,0,0,0,7.7,15.4,46.2,30.8,277.8,76.9,92.3
124,Seymour School District,2009-10,No,173,171,98.8,0.6,0.6,8.8,9.4,17.5,54.4,9.9,254.6,64.3,81.9
124,Seymour School District,2009-10,Yes,**,**,**,**,**,**,**,**,**,**,**,**,**
125,Sharon School District,2009-10,No,24,24,100,0,0,0,8.3,16.7,66.7,8.3,265.5,75,91.7
126,Shelton School District,2009-10,No,419,416,99.3,0,0.7,11.3,12,12.7,53.4,10.6,252.4,63.9,76.7
126,Shelton School District,2009-10,Yes,**,**,**,**,**,**,**,**,**,**,**,**,**
127,Sherman School District,2009-10,No,61,61,100,0,0,3.3,0,8.2,68.9,19.7,274.1,88.5,96.7
270,Side By Side Community School District,2009-10,No,**,**,**,**,**,**,**,**,**,**,**,**,**
270,Side By Side Community School District,2009-10,Yes,**,**,**,**,**,**,**,**,**,**,**,**,**
128,Simsbury School District,2009-10,No,435,426,97.9,0.9,1.1,3.8,3.8,5.4,63.4,23.7,279,87.1,92.5
128,Simsbury School District,2009-10,Yes,**,**,**,**,**,**,**,**,**,**,**,**,**
129,Somers School District,2009-10,No,145,144,99.3,0,0.7,1.4,6.9,9,63.2,19.4,270.7,82.6,91.7
132,South Windsor School District,2009-10,No,369,360,97.6,0,2.4,6.1,6.7,10.6,50.8,25.8,273.6,76.7,87.2
132,South Windsor School District,2009-10,Yes,**,**,**,**,**,**,**,**,**,**,**,**,**
131,Southington School District,2009-10,No,547,536,98,0.5,1.5,7.1,6.7,13.8,56.2,16.2,264.2,72.4,86.2
131,Southington School District,2009-10,Yes,**,**,**,**,**,**,**,**,**,**,**,**,**
133,Sprague School District,2009-10,No,37,35,94.6,0,5.4,2.9,0,17.1,62.9,17.1,265.4,80,97.1
134,Stafford School District,2009-10,No,154,152,98.7,0,1.3,5.9,5.9,13.8,57.2,17.1,263.4,74.3,88.2
134,Stafford School District,2009-10,Yes,**,**,**,**,**,**,**,**,**,**,**,**,**
135,Stamford School District,2009-10,No,1000,983,98.3,0.1,1.6,13,13.4,18.9,49.3,5.3,245.2,54.6,73.6
135,Stamford School District,2009-10,Yes,92,77,83.7,0,16.3,57.1,32.5,10.4,0,0,194.2,0,10.4
136,Sterling School District,2009-10,No,57,55,96.5,0,3.5,12.7,23.6,27.3,36.4,0,235.2,36.4,63.6
137,Stonington School District,2009-10,No,181,177,97.8,0,2.2,4,10.2,10.2,61,14.7,264.1,75.7,85.9
138,Stratford School District,2009-10,No,620,610,98.4,0.3,1.3,13.3,12.8,15.7,47.5,10.7,250.1,58.2,73.9
138,Stratford School District,2009-10,Yes,**,**,**,**,**,**,**,**,**,**,**,**,**
139,Suffield School District,2009-10,No,223,221,99.1,0,0.9,3.2,7.2,7.7,65.2,16.7,270.6,81.9,89.6
269,The Bridge Academy District,2009-10,No,47,47,100,0,0,31.9,31.9,19.1,17,0,212.6,17,36.2
269,The Bridge Academy District,2009-10,Yes,**,**,**,**,**,**,**,**,**,**,**,**,**
140,Thomaston School District,2009-10,No,101,99,98,0,2,13.1,7.1,14.1,48.5,17.2,259.6,65.7,79.8
141,Thompson School District,2009-10,No,125,125,100,0,0,19.2,14.4,15.2,44,7.2,243.4,51.2,66.4
141,Thompson School District,2009-10,Yes,**,**,**,**,**,**,**,**,**,**,**,**,**
142,Tolland School District,2009-10,No,261,257,98.5,0,1.5,2.3,6.2,8.9,68.1,14.4,268.5,82.5,91.4
143,Torrington School District,2009-10,No,363,353,97.2,0.6,2.2,9.6,12.5,15.6,53.5,8.8,252.3,62.3,77.9
143,Torrington School District,2009-10,Yes,**,**,**,**,**,**,**,**,**,**,**,**,**
278,Trailblazers Academy District,2009-10,No,54,54,100,0,0,14.8,18.5,14.8,48.1,3.7,240.2,51.9,66.7
144,Trumbull School District,2009-10,No,542,528,97.4,0.4,2.2,2.5,4.2,11,67.4,15,271.4,82.4,93.4
144,Trumbull School District,2009-10,Yes,**,**,**,**,**,**,**,**,**,**,**,**,**
145,Union School District,2009-10,No,**,**,**,**,**,**,**,**,**,**,**,**,**
146,Vernon School District,2009-10,No,292,285,97.6,0.3,2.1,18.2,10.5,17.2,41.8,12.3,249,54,71.2
146,Vernon School District,2009-10,Yes,**,**,**,**,**,**,**,**,**,**,**,**,**
147,Voluntown School District,2009-10,No,41,41,100,0,0,2.4,7.3,36.6,51.2,2.4,251.7,53.7,90.2
148,Wallingford School District,2009-10,No,501,491,98,0.2,1.8,6.3,6.1,11,59.5,17.1,266.8,76.6,87.6
148,Wallingford School District,2009-10,Yes,**,**,**,**,**,**,**,**,**,**,**,**,**
151,Waterbury School District,2009-10,No,1249,1211,97,0.6,2.4,36.5,18.7,16.9,26.4,1.5,219,27.9,44.8
151,Waterbury School District,2009-10,Yes,159,127,79.9,0.6,19.5,84.3,12.6,1.6,1.6,0,182,1.6,3.1
152,Waterford School District,2009-10,No,219,218,99.5,0.5,0,3.2,4.6,9.6,59.2,23.4,275.2,82.6,92.2
152,Waterford School District,2009-10,Yes,**,**,**,**,**,**,**,**,**,**,**,**,**
153,Watertown School District,2009-10,No,271,268,98.9,0,1.1,5.2,8.6,11.6,64.6,10.1,260.7,74.6,86.2
153,Watertown School District,2009-10,Yes,**,**,**,**,**,**,**,**,**,**,**,**,**
155,West Hartford School District,2009-10,No,685,677,98.8,0,1.2,7.2,7.7,13,54.1,18,264.8,72.1,85.1
155,West Hartford School District,2009-10,Yes,27,24,88.9,3.7,7.4,50,20.8,20.8,8.3,0,206.2,8.3,29.2
156,West Haven School District,2009-10,No,440,427,97,0.7,2.3,16.4,12.4,21.3,45,4.9,240,49.9,71.2
156,West Haven School District,2009-10,Yes,**,**,**,**,**,**,**,**,**,**,**,**,**
154,Westbrook School District,2009-10,No,80,80,100,0,0,11.2,2.5,17.5,61.2,7.5,256.8,68.8,86.3
154,Westbrook School District,2009-10,Yes,**,**,**,**,**,**,**,**,**,**,**,**,**
157,Weston School District,2009-10,No,200,197,98.5,0,1.5,2,1.5,6.6,62.9,26.9,283.4,89.8,96.4
157,Weston School District,2009-10,Yes,**,**,**,**,**,**,**,**,**,**,**,**,**
158,Westport School District,2009-10,No,444,440,99.1,0,0.9,1.1,2,6.6,63.4,26.8,282.5,90.2,96.8
158,Westport School District,2009-10,Yes,**,**,**,**,**,**,**,**,**,**,**,**,**
159,Wethersfield School District,2009-10,No,284,277,97.5,1.1,1.4,7.6,8.7,17,53.8,13,259.3,66.8,83.8
159,Wethersfield School District,2009-10,Yes,**,**,**,**,**,**,**,**,**,**,**,**,**
160,Willington School District,2009-10,No,74,74,100,0,0,12.2,9.5,6.8,60.8,10.8,255.8,71.6,78.4
161,Wilton School District,2009-10,No,327,323,98.8,0,1.2,0.9,1.5,4.6,59.1,33.7,288.1,92.9,97.5
161,Wilton School District,2009-10,Yes,**,**,**,**,**,**,**,**,**,**,**,**,**
162,Winchester School District,2009-10,No,112,108,96.4,0,3.6,8.3,18.5,20.4,50,2.8,243.6,52.8,73.1
162,Winchester School District,2009-10,Yes,**,**,**,**,**,**,**,**,**,**,**,**,**
163,Windham School District,2009-10,No,163,160,98.2,0.6,1.2,38.1,16.9,17.5,25.6,1.9,217.1,27.5,45
163,Windham School District,2009-10,Yes,54,53,98.1,0,1.9,73.6,22.6,1.9,1.9,0,187.3,1.9,3.8
165,Windsor Locks School District,2009-10,No,146,143,97.9,0.7,1.4,16.8,14.7,16.8,44.1,7.7,245.8,51.7,68.5
165,Windsor Locks School District,2009-10,Yes,**,**,**,**,**,**,**,**,**,**,**,**,**
164,Windsor School District,2009-10,No,286,283,99,0.3,0.7,14.8,12,15.5,45.9,11.7,249.6,57.6,73.1
164,Windsor School District,2009-10,Yes,**,**,**,**,**,**,**,**,**,**,**,**,**
166,Wolcott School District,2009-10,No,267,265,99.3,0,0.7,3.4,7.2,19.2,58.5,11.7,260.2,70.2,89.4
166,Wolcott School District,2009-10,Yes,**,**,**,**,**,**,**,**,**,**,**,**,**
169,Woodstock School District,2009-10,No,98,97,99,0,1,2.1,3.1,8.2,60.8,25.8,278.4,86.6,94.8
279,Amistad Academy District,2008-09,No,63,63,100,0,0,14.3,14.3,28.6,41.3,1.6,235,42.9,71.4
2,Ansonia School District,2008-09,No,210,200,95.2,2.9,1.9,26.5,14.5,29,26.5,3.5,225.4,30,59
2,Ansonia School District,2008-09,Yes,**,**,**,**,**,**,**,**,**,**,**,**,**
244,Area Cooperative Educational Services,2008-09,No,324,324,100,0,0,18.2,16.4,24.4,33.6,7.4,235.2,41,65.4
244,Area Cooperative Educational Services,2008-09,Yes,**,**,**,**,**,**,**,**,**,**,**,**,**
3,Ashford School District,2008-09,No,64,62,96.9,0,3.1,8.1,6.5,6.5,59.7,19.4,263.1,79,85.5
3,Ashford School District,2008-09,Yes,**,**,**,**,**,**,**,**,**,**,**,**,**
4,Avon School District,2008-09,No,277,276,99.6,0,0.4,1.4,2.2,5.8,52.5,38,284.2,90.6,96.4
4,Avon School District,2008-09,Yes,**,**,**,**,**,**,**,**,**,**,**,**,**
7,Berlin School District,2008-09,No,251,251,100,0,0,3.6,6.4,9.6,52.2,28.3,271.8,80.5,90
7,Berlin School District,2008-09,Yes,**,**,**,**,**,**,**,**,**,**,**,**,**
9,Bethel School District,2008-09,No,235,232,98.7,0,1.3,3.4,3.4,7.8,58.6,26.7,276.2,85.3,93.1
9,Bethel School District,2008-09,Yes,**,**,**,**,**,**,**,**,**,**,**,**,**
11,Bloomfield School District,2008-09,No,148,145,98,0.7,1.4,25.5,27.6,15.9,30.3,0.7,223.1,31,46.9
12,Bolton School District,2008-09,No,84,83,98.8,0,1.2,14.5,4.8,12,42.2,26.5,262.8,68.7,80.7
13,Bozrah School District,2008-09,No,34,33,97.1,0,2.9,3,12.1,15.2,48.5,21.2,264.7,69.7,84.8
14,Branford School District,2008-09,No,272,269,98.9,0.4,0.7,4.1,4.5,16.4,46.1,29,271.2,75.1,91.4
14,Branford School District,2008-09,Yes,**,**,**,**,**,**,**,**,**,**,**,**,**
15,Bridgeport School District,2008-09,No,1294,1241,95.9,2.3,1.8,38.4,17.9,22.2,19.3,2.1,213.8,21.4,43.7
15,Bridgeport School District,2008-09,Yes,160,134,83.8,1.3,15,73.9,19.4,6.7,0,0,185.3,0,6.7
17,Bristol School District,2008-09,No,612,602,98.4,0.3,1.3,8.5,10.8,19.1,50,11.6,252.2,61.6,80.7
17,Bristol School District,2008-09,Yes,**,**,**,**,**,**,**,**,**,**,**,**,**
18,Brookfield School District,2008-09,No,247,246,99.6,0.4,0,4.5,2.8,12.6,58.5,21.5,267.4,80.1,92.7
18,Brookfield School District,2008-09,Yes,**,**,**,**,**,**,**,**,**,**,**,**,**
19,Brooklyn School District,2008-09,No,119,118,99.2,0,0.8,7.6,10.2,15.3,52.5,14.4,258,66.9,82.2
21,Canaan School District,2008-09,No,**,**,**,**,**,**,**,**,**,**,**,**,**
22,Canterbury School District,2008-09,No,69,69,100,0,0,1.4,7.2,20.3,62.3,8.7,260.1,71,91.3
23,Canton School District,2008-09,No,128,126,98.4,0,1.6,2.4,6.3,11.1,55.6,24.6,270.8,80.2,91.3
241,Capitol Region Education Council,2008-09,No,315,314,99.7,0.3,0,8,9.9,20.1,45.2,16.9,256.1,62.1,82.2
241,Capitol Region Education Council,2008-09,Yes,**,**,**,**,**,**,**,**,**,**,**,**,**
25,Cheshire School District,2008-09,No,401,396,98.8,0,1.2,2.8,2.5,9.3,53.5,31.8,278.8,85.4,94.7
25,Cheshire School District,2008-09,Yes,**,**,**,**,**,**,**,**,**,**,**,**,**
27,Clinton School District,2008-09,No,160,158,98.8,0,1.3,8.9,7,12.7,58.2,13.3,258.6,71.5,84.2
27,Clinton School District,2008-09,Yes,**,**,**,**,**,**,**,**,**,**,**,**,**
28,Colchester School District,2008-09,No,263,261,99.2,0,0.8,5.7,7.3,14.2,52.9,19.9,263.4,72.8,87
28,Colchester School District,2008-09,Yes,**,**,**,**,**,**,**,**,**,**,**,**,**
30,Columbia School District,2008-09,No,68,68,100,0,0,1.5,2.9,10.3,63.2,22.1,274,85.3,95.6
243,Cooperative Educational Services,2008-09,No,32,32,100,0,0,6.2,21.9,15.6,50,6.2,247.4,56.3,71.9
31,Cornwall School District,2008-09,No,**,**,**,**,**,**,**,**,**,**,**,**,**
32,Coventry School District,2008-09,No,184,181,98.4,0,1.6,8.8,12.7,19.9,48.6,9.9,248.9,58.6,78.5
32,Coventry School District,2008-09,Yes,**,**,**,**,**,**,**,**,**,**,**,**,**
33,Cromwell School District,2008-09,No,160,159,99.4,0,0.6,6.3,3.1,13.2,50.9,26.4,268.8,77.4,90.6
33,Cromwell School District,2008-09,Yes,**,**,**,**,**,**,**,**,**,**,**,**,**
34,Danbury School District,2008-09,No,622,610,98.1,0.3,1.6,11.6,11.5,18.5,49.7,8.7,247.7,58.4,76.9
34,Danbury School District,2008-09,Yes,104,92,88.5,1,10.6,47.8,27.2,17.4,7.6,0,202.2,7.6,25
35,Darien School District,2008-09,No,355,355,100,0,0,2,3.1,7.9,59.4,27.6,275.7,87,94.9
37,Derby School District,2008-09,No,108,104,96.3,0,3.7,20.2,13.5,26.9,36.5,2.9,231.6,39.4,66.3
37,Derby School District,2008-09,Yes,**,**,**,**,**,**,**,**,**,**,**,**,**
40,East Granby School District,2008-09,No,76,74,97.4,0,2.6,1.4,4.1,2.7,47.3,44.6,295.4,91.9,94.6
41,East Haddam School District,2008-09,No,115,115,100,0,0,7,7.8,21.7,48.7,14.8,256.6,63.5,85.2
42,East Hampton School District,2008-09,No,152,149,98,0.7,1.3,1.3,6.7,6,45,40.9,286.1,85.9,91.9
43,East Hartford School District,2008-09,No,494,485,98.2,0.4,1.4,37.1,18.1,21,20.2,3.5,215.8,23.7,44.7
43,East Hartford School District,2008-09,Yes,30,28,93.3,0,6.7,71.4,21.4,7.1,0,0,182.9,0,7.1
44,East Haven School District,2008-09,No,276,272,98.6,0.7,0.7,17.3,13.6,22.8,39,7.4,237.9,46.3,69.1
44,East Haven School District,2008-09,Yes,**,**,**,**,**,**,**,**,**,**,**,**,**
45,East Lyme School District,2008-09,No,243,237,97.5,0.4,2.1,2.1,2.5,9.7,57,28.7,274.4,85.7,95.4
45,East Lyme School District,2008-09,Yes,**,**,**,**,**,**,**,**,**,**,**,**,**
47,East Windsor School District,2008-09,No,100,97,97,1,2,2.1,10.3,16.5,52.6,18.6,263.1,71.1,87.6
47,East Windsor School District,2008-09,Yes,**,**,**,**,**,**,**,**,**,**,**,**,**
39,Eastford School District,2008-09,No,**,**,**,**,**,**,**,**,**,**,**,**,**
46,Easton School District,2008-09,No,119,119,100,0,0,0,2.5,10.1,62.2,25.2,281.5,87.4,97.5
48,Ellington School District,2008-09,No,206,205,99.5,0,0.5,2.4,4.9,19.5,52.7,20.5,265.8,73.2,92.7
289,Elm City College Preparatory School,2008-09,No,42,42,100,0,0,9.5,33.3,14.3,40.5,2.4,232.8,42.9,57.1
49,Enfield School District,2008-09,No,474,463,97.7,0.8,1.5,10.8,12.7,25.1,44.3,7.1,244.7,51.4,76.5
49,Enfield School District,2008-09,Yes,**,**,**,**,**,**,**,**,**,**,**,**,**
51,Fairfield School District,2008-09,No,721,714,99,0,1,3.9,3.5,8,46.4,38.2,283,84.6,92.6
51,Fairfield School District,2008-09,Yes,**,**,**,**,**,**,**,**,**,**,**,**,**
52,Farmington School District,2008-09,No,325,324,99.7,0,0.3,2.2,2.5,8.3,56.5,30.6,278.3,87,95.4
52,Farmington School District,2008-09,Yes,**,**,**,**,**,**,**,**,**,**,**,**,**
53,Franklin School District,2008-09,No,29,29,100,0,0,10.3,6.9,24.1,51.7,6.9,251.6,58.6,82.8
54,Glastonbury School District,2008-09,No,562,557,99.1,0,0.9,3.1,1.6,7.4,47.4,40.6,286.4,88,95.3
54,Glastonbury School District,2008-09,Yes,**,**,**,**,**,**,**,**,**,**,**,**,**
56,Granby School District,2008-09,No,189,188,99.5,0.5,0,2.1,1.6,5.9,43.1,47.3,293.8,90.4,96.3
56,Granby School District,2008-09,Yes,**,**,**,**,**,**,**,**,**,**,**,**,**
57,Greenwich School District,2008-09,No,636,628,98.7,0.5,0.8,5.3,3.5,13.7,49.8,27.7,272.2,77.5,91.2
57,Greenwich School District,2008-09,Yes,31,28,90.3,0,9.7,17.9,32.1,28.6,17.9,3.6,222.1,21.4,50
58,Griswold School District,2008-09,No,150,149,99.3,0,0.7,4.7,6,20.8,60.4,8.1,254.5,68.5,89.3
59,Groton School District,2008-09,No,365,362,99.2,0,0.8,10.5,11.3,16.3,48.9,13,253.1,61.9,78.2
59,Groton School District,2008-09,Yes,**,**,**,**,**,**,**,**,**,**,**,**,**
60,Guilford School District,2008-09,No,286,283,99,0,1,3.2,1.4,7.1,44.9,43.5,285.1,88.3,95.4
60,Guilford School District,2008-09,Yes,**,**,**,**,**,**,**,**,**,**,**,**,**
62,Hamden School District,2008-09,No,441,438,99.3,0,0.7,23.1,15.8,20.1,34.5,6.6,232,41.1,61.2
62,Hamden School District,2008-09,Yes,**,**,**,**,**,**,**,**,**,**,**,**,**
64,Hartford School District,2008-09,No,1409,1345,95.5,1.8,2.8,38.3,18.8,17.8,21.9,3.1,214.9,25.1,42.9
64,Hartford School District,2008-09,Yes,258,220,85.3,3.1,11.6,72.3,17.3,9.1,1.4,0,183.7,1.4,10.5
65,Hartland School District,2008-09,No,26,26,100,0,0,0,0,7.7,61.5,30.8,282.8,92.3,100
286,Highville Charter School District,2008-09,No,**,**,**,**,**,**,**,**,**,**,**,**,**
264,Integrated Day Charter School District,2008-09,No,30,30,100,0,0,0,0,16.7,73.3,10,267.2,83.3,100
265,Interdistrict School for Arts and Comm District,2008-09,No,54,54,100,0,0,3.7,7.4,29.6,59.3,0,247.5,59.3,88.9
265,Interdistrict School for Arts and Comm District,2008-09,Yes,**,**,**,**,**,**,**,**,**,**,**,**,**
261,Jumoke Academy District,2008-09,No,24,24,100,0,0,16.7,20.8,50,12.5,0,225.3,12.5,62.5
68,Kent School District,2008-09,No,22,21,95.5,0,4.5,0,0,19,61.9,19,265.3,81,100
69,Killingly School District,2008-09,No,227,223,98.2,0.4,1.3,8.1,10.8,16.6,52.9,11.7,252.5,64.6,81.2
69,Killingly School District,2008-09,Yes,**,**,**,**,**,**,**,**,**,**,**,**,**
71,Lebanon School District,2008-09,No,109,108,99.1,0,0.9,6.5,5.6,12,54.6,21.3,265.1,75.9,88
72,Ledyard School District,2008-09,No,226,221,97.8,0,2.2,3.6,6.8,11.8,51.6,26.2,269.3,77.8,89.6
73,Lisbon School District,2008-09,No,55,55,100,0,0,10.9,3.6,12.7,56.4,16.4,259.6,72.7,85.5
74,Litchfield School District,2008-09,No,95,95,100,0,0,6.3,6.3,18.9,52.6,15.8,259.6,68.4,87.4
74,Litchfield School District,2008-09,Yes,**,**,**,**,**,**,**,**,**,**,**,**,**
76,Madison School District,2008-09,No,322,317,98.4,0.3,1.2,1.6,1.6,8.8,49.8,38.2,285.3,88,96.8
76,Madison School District,2008-09,Yes,**,**,**,**,**,**,**,**,**,**,**,**,**
77,Manchester School District,2008-09,No,444,433,97.5,0.9,1.6,18.9,13.4,22.2,38.8,6.7,237.6,45.5,67.7
77,Manchester School District,2008-09,Yes,**,**,**,**,**,**,**,**,**,**,**,**,**
78,Mansfield School District,2008-09,No,161,159,98.8,0.6,0.6,3.1,2.5,5,37.1,52.2,293,89.3,94.3
78,Mansfield School District,2008-09,Yes,**,**,**,**,**,**,**,**,**,**,**,**,**
80,Meriden School District,2008-09,No,504,486,96.4,1.8,1.8,23.5,17.3,24.5,31.3,3.5,228.2,34.8,59.3
80,Meriden School District,2008-09,Yes,55,44,80,3.6,16.4,90.9,6.8,2.3,0,0,173.8,0,2.3
83,Middletown School District,2008-09,No,359,344,95.8,2.2,1.9,17.7,15.1,16.9,40.4,9.9,240.9,50.3,67.2
83,Middletown School District,2008-09,Yes,**,**,**,**,**,**,**,**,**,**,**,**,**
84,Milford School District,2008-09,No,572,558,97.6,0,2.4,5.4,8.8,15.1,56.5,14.3,259.2,70.8,85.8
84,Milford School District,2008-09,Yes,**,**,**,**,**,**,**,**,**,**,**,**,**
85,Monroe School District,2008-09,No,314,312,99.4,0.6,0,2.2,4.5,11.2,56.1,26,273.6,82.1,93.3
86,Montville School District,2008-09,No,214,210,98.1,0,1.9,15.7,11.9,15.2,48.1,9,246.8,57.1,72.4
88,Naugatuck School District,2008-09,No,400,393,98.3,1.3,0.5,15.5,11.7,22.1,42.7,7.9,241.5,50.6,72.8
88,Naugatuck School District,2008-09,Yes,**,**,**,**,**,**,**,**,**,**,**,**,**
280,"New Beginnings Inc., Family Academy District",2008-09,No,29,29,100,0,0,24.1,31,24.1,20.7,0,216.4,20.7,44.8
89,New Britain School District,2008-09,No,631,603,95.6,1.4,3,36.8,16.9,20.9,22.4,3,216,25.4,46.3
89,New Britain School District,2008-09,Yes,124,112,90.3,0,9.7,78.6,16.1,3.6,1.8,0,182.5,1.8,5.4
90,New Canaan School District,2008-09,No,355,349,98.3,0,1.7,1.7,2.9,6.9,46.4,42.1,288.7,88.5,95.4
91,New Fairfield School District,2008-09,No,266,264,99.2,0.4,0.4,3.8,4.2,9.8,51.9,30.3,275.4,82.2,92
91,New Fairfield School District,2008-09,Yes,**,**,**,**,**,**,**,**,**,**,**,**,**
93,New Haven School District,2008-09,No,1113,1085,97.5,1.4,1.1,31.2,20.3,21.7,23,3.9,220.7,26.9,48.6
93,New Haven School District,2008-09,Yes,155,130,83.9,0.6,15.5,67.7,20.8,7.7,3.8,0,190.2,3.8,11.5
95,New London School District,2008-09,No,171,166,97.1,1.2,1.8,37.3,16.3,26.5,19.9,0,212,19.9,46.4
95,New London School District,2008-09,Yes,39,35,89.7,0,10.3,77.1,8.6,11.4,2.9,0,183.9,2.9,14.3
96,New Milford School District,2008-09,No,402,392,97.5,1,1.5,3.8,6.4,16.6,54.1,19.1,263.7,73.2,89.8
96,New Milford School District,2008-09,Yes,**,**,**,**,**,**,**,**,**,**,**,**,**
94,Newington School District,2008-09,No,371,364,98.1,0.5,1.3,7.1,6,16.8,54.1,15.9,260.2,70.1,86.8
94,Newington School District,2008-09,Yes,**,**,**,**,**,**,**,**,**,**,**,**,**
97,Newtown School District,2008-09,No,492,487,99,0.2,0.8,3.7,3.7,8.8,51.1,32.6,276.9,83.8,92.6
99,North Branford School District,2008-09,No,203,202,99.5,0,0.5,5.9,9.4,16.8,45,22.8,261.8,67.8,84.7
99,North Branford School District,2008-09,Yes,**,**,**,**,**,**,**,**,**,**,**,**,**
100,North Canaan School District,2008-09,No,41,41,100,0,0,7.3,7.3,19.5,56.1,9.8,257.5,65.9,85.4
101,North Haven School District,2008-09,No,300,297,99,0.3,0.7,6.4,4.7,14.1,51.9,22.9,268.1,74.7,88.9
101,North Haven School District,2008-09,Yes,**,**,**,**,**,**,**,**,**,**,**,**,**
102,North Stonington School District,2008-09,No,57,57,100,0,0,5.3,12.3,10.5,59.6,12.3,260.2,71.9,82.5
103,Norwalk School District,2008-09,No,663,652,98.3,0.9,0.8,14.3,11.3,19.6,42.6,12.1,246.3,54.8,74.4
103,Norwalk School District,2008-09,Yes,76,68,89.5,0,10.5,60.3,10.3,25,4.4,0,196.3,4.4,29.4
104,Norwich School District,2008-09,No,357,349,97.8,0.3,2,16.3,15.2,20.6,37.5,10.3,242.3,47.9,68.5
104,Norwich School District,2008-09,Yes,35,30,85.7,0,14.3,70,23.3,3.3,3.3,0,188.8,3.3,6.7
263,Odyssey Community School District,2008-09,No,38,38,100,0,0,5.3,10.5,21.1,60.5,2.6,249.1,63.2,84.2
106,Old Saybrook School District,2008-09,No,126,126,100,0,0,4,4.8,17.5,55.6,18.3,263.7,73.8,91.3
106,Old Saybrook School District,2008-09,Yes,**,**,**,**,**,**,**,**,**,**,**,**,**
108,Oxford School District,2008-09,No,170,170,100,0,0,2.9,4.7,15.9,58.2,18.2,265,76.5,92.4
108,Oxford School District,2008-09,Yes,**,**,**,**,**,**,**,**,**,**,**,**,**
283,Park City Prep Charter School,2008-09,No,79,78,98.7,1.3,0,25.6,23.1,35.9,12.8,2.6,219.8,15.4,51.3
109,Plainfield School District,2008-09,No,192,189,98.4,0,1.6,5.8,12.2,21.2,48.7,12.2,251.1,60.8,82
109,Plainfield School District,2008-09,Yes,**,**,**,**,**,**,**,**,**,**,**,**,**
110,Plainville School District,2008-09,No,209,205,98.1,0.5,1.4,4.9,4.4,13.2,46.3,31.2,273.4,77.6,90.7
110,Plainville School District,2008-09,Yes,**,**,**,**,**,**,**,**,**,**,**,**,**
111,Plymouth School District,2008-09,No,162,162,100,0,0,7.4,8,10.5,58.6,15.4,260.4,74.1,84.6
112,Pomfret School District,2008-09,No,51,50,98,0,2,6,2,10,70,12,263.6,82,92
113,Portland School District,2008-09,No,106,105,99.1,0,0.9,9.5,3.8,13.3,49.5,23.8,265.7,73.3,86.7
114,Preston School District,2008-09,No,63,62,98.4,0,1.6,9.7,6.5,9.7,61.3,12.9,256.5,74.2,83.9
116,Putnam School District,2008-09,No,101,98,97,0,3,11.2,19.4,21.4,43.9,4.1,238.5,48,69.4
116,Putnam School District,2008-09,Yes,**,**,**,**,**,**,**,**,**,**,**,**,**
117,Redding School District,2008-09,No,145,143,98.6,0,1.4,0.7,1.4,10.5,53.1,34.3,282.2,87.4,97.9
117,Redding School District,2008-09,Yes,**,**,**,**,**,**,**,**,**,**,**,**,**
204,Regional School District 04,2008-09,No,170,169,99.4,0.6,0,3,4.7,8.9,55.6,27.8,276.7,83.4,92.3
205,Regional School District 05,2008-09,No,396,394,99.5,0,0.5,2.3,2.3,9.6,48.5,37.3,282.5,85.8,95.4
205,Regional School District 05,2008-09,Yes,**,**,**,**,**,**,**,**,**,**,**,**,**
206,Regional School District 06,2008-09,No,83,83,100,0,0,6,9.6,10.8,53,20.5,265.9,73.5,84.3
206,Regional School District 06,2008-09,Yes,**,**,**,**,**,**,**,**,**,**,**,**,**
207,Regional School District 07,2008-09,No,176,174,98.9,0,1.1,4.6,2.9,15.5,62.6,14.4,263.8,77,92.5
208,Regional School District 08,2008-09,No,323,320,99.1,0.3,0.6,3.4,5.9,13.4,53.1,24.1,268.5,77.2,90.6
210,Regional School District 10,2008-09,No,217,215,99.1,0,0.9,2.3,6.5,17.2,47.9,26,270.1,74,91.2
210,Regional School District 10,2008-09,Yes,**,**,**,**,**,**,**,**,**,**,**,**,**
211,Regional School District 11,2008-09,No,68,66,97.1,1.5,1.5,6.1,6.1,25.8,54.5,7.6,254.1,62.1,87.9
212,Regional School District 12,2008-09,No,86,85,98.8,0,1.2,4.7,2.4,10.6,62.4,20,270.2,82.4,92.9
212,Regional School District 12,2008-09,Yes,**,**,**,**,**,**,**,**,**,**,**,**,**
213,Regional School District 13,2008-09,No,187,184,98.4,0,1.6,2.7,6,8.2,53.3,29.9,277.4,83.2,91.3
213,Regional School District 13,2008-09,Yes,**,**,**,**,**,**,**,**,**,**,**,**,**
214,Regional School District 14,2008-09,No,172,171,99.4,0,0.6,1.8,2.9,11.7,54.4,29.2,276.2,83.6,95.3
214,Regional School District 14,2008-09,Yes,**,**,**,**,**,**,**,**,**,**,**,**,**
215,Regional School District 15,2008-09,No,358,355,99.2,0,0.8,2.3,5.1,12.7,55.5,24.5,272.8,80,92.7
216,Regional School District 16,2008-09,No,204,200,98,0,2,6.5,11.5,17,58.5,6.5,250.5,65,82
217,Regional School District 17,2008-09,No,200,198,99,0.5,0.5,5.1,4.5,14.6,52,23.7,268,75.8,90.4
217,Regional School District 17,2008-09,Yes,**,**,**,**,**,**,**,**,**,**,**,**,**
218,Regional School District 18,2008-09,No,121,119,98.3,0,1.7,0.8,4.2,10.1,50.4,34.5,280.8,84.9,95
218,Regional School District 18,2008-09,Yes,**,**,**,**,**,**,**,**,**,**,**,**,**
118,Ridgefield School District,2008-09,No,431,428,99.3,0,0.7,2.1,3,6.1,56.3,32.5,280.5,88.8,94.9
118,Ridgefield School District,2008-09,Yes,**,**,**,**,**,**,**,**,**,**,**,**,**
119,Rocky Hill School District,2008-09,No,200,200,100,0,0,2.5,3,10,42.5,42,285.5,84.5,94.5
119,Rocky Hill School District,2008-09,Yes,**,**,**,**,**,**,**,**,**,**,**,**,**
121,Salem School District,2008-09,No,63,62,98.4,0,1.6,4.8,8.1,11.3,62.9,12.9,262.8,75.8,87.1
122,Salisbury School District,2008-09,No,39,38,97.4,2.6,0,0,2.6,5.3,68.4,23.7,277.6,92.1,97.4
124,Seymour School District,2008-09,No,212,209,98.6,0.5,0.9,9.6,9.1,16.7,57.4,7.2,249.5,64.6,81.3
124,Seymour School District,2008-09,Yes,**,**,**,**,**,**,**,**,**,**,**,**,**
125,Sharon School District,2008-09,No,**,**,**,**,**,**,**,**,**,**,**,**,**
126,Shelton School District,2008-09,No,432,427,98.8,0,1.2,6.3,9.1,16.6,53.9,14.1,256.7,67.9,84.5
126,Shelton School District,2008-09,Yes,**,**,**,**,**,**,**,**,**,**,**,**,**
127,Sherman School District,2008-09,No,53,52,98.1,0,1.9,0,5.8,23.1,53.8,17.3,265.8,71.2,94.2
270,Side By Side Community School District,2008-09,No,**,**,**,**,**,**,**,**,**,**,**,**,**
270,Side By Side Community School District,2008-09,Yes,**,**,**,**,**,**,**,**,**,**,**,**,**
128,Simsbury School District,2008-09,No,413,410,99.3,0,0.7,2.4,2,7.8,52.7,35.1,284.3,87.8,95.6
128,Simsbury School District,2008-09,Yes,**,**,**,**,**,**,**,**,**,**,**,**,**
129,Somers School District,2008-09,No,150,149,99.3,0,0.7,4.7,5.4,11.4,53,25.5,271.6,78.5,89.9
129,Somers School District,2008-09,Yes,**,**,**,**,**,**,**,**,**,**,**,**,**
132,South Windsor School District,2008-09,No,392,386,98.5,0,1.5,2.6,2.6,10.6,54.9,29.3,278.7,84.2,94.8
132,South Windsor School District,2008-09,Yes,**,**,**,**,**,**,**,**,**,**,**,**,**
131,Southington School District,2008-09,No,495,492,99.4,0,0.6,5.5,6.9,17.3,55.3,15,260.8,70.3,87.6
131,Southington School District,2008-09,Yes,**,**,**,**,**,**,**,**,**,**,**,**,**
133,Sprague School District,2008-09,No,33,33,100,0,0,3,6.1,18.2,48.5,24.2,267.4,72.7,90.9
134,Stafford School District,2008-09,No,150,148,98.7,0,1.3,2,0.7,14.9,62.2,20.3,269.7,82.4,97.3
134,Stafford School District,2008-09,Yes,**,**,**,**,**,**,**,**,**,**,**,**,**
135,Stamford School District,2008-09,No,989,974,98.5,0.4,1.1,13.4,14.2,16.8,45,10.6,245.4,55.5,72.4
135,Stamford School District,2008-09,Yes,106,88,83,1.9,15.1,48.9,35.2,12.5,3.4,0,198.5,3.4,15.9
136,Sterling School District,2008-09,No,53,52,98.1,0,1.9,11.5,11.5,34.6,40.4,1.9,236,42.3,76.9
137,Stonington School District,2008-09,No,208,205,98.6,0.5,1,3.9,5.4,14.1,59.5,17.1,264.9,76.6,90.7
137,Stonington School District,2008-09,Yes,**,**,**,**,**,**,**,**,**,**,**,**,**
138,Stratford School District,2008-09,No,548,534,97.4,0.7,1.8,10.3,11.8,18.5,47,12.4,250.3,59.4,77.9
138,Stratford School District,2008-09,Yes,**,**,**,**,**,**,**,**,**,**,**,**,**
139,Suffield School District,2008-09,No,198,198,100,0,0,5.1,3,11.6,51,29.3,274.2,80.3,91.9
269,The Bridge Academy District,2008-09,No,49,49,100,0,0,42.9,20.4,26.5,10.2,0,207.5,10.2,36.7
140,Thomaston School District,2008-09,No,97,97,100,0,0,16.5,10.3,26.8,37.1,9.3,243.1,46.4,73.2
141,Thompson School District,2008-09,No,121,119,98.3,0.8,0.8,11.8,11.8,14.3,52.9,9.2,248.5,62.2,76.5
142,Tolland School District,2008-09,No,264,263,99.6,0.4,0,3,5.7,10.3,52.1,28.9,272.9,81,91.3
143,Torrington School District,2008-09,No,383,378,98.7,0,1.3,11.4,13.5,22.2,44.2,8.7,245,52.9,75.1
143,Torrington School District,2008-09,Yes,**,**,**,**,**,**,**,**,**,**,**,**,**
278,Trailblazers Academy District,2008-09,No,51,49,96.1,3.9,0,26.5,22.4,28.6,22.4,0,216.5,22.4,51
144,Trumbull School District,2008-09,No,546,538,98.5,0.4,1.1,3.9,4.3,13,56.9,21.9,268.4,78.8,91.8
144,Trumbull School District,2008-09,Yes,**,**,**,**,**,**,**,**,**,**,**,**,**
145,Union School District,2008-09,No,**,**,**,**,**,**,**,**,**,**,**,**,**
146,Vernon School District,2008-09,No,236,231,97.9,0.8,1.3,13,11.3,17.7,44.6,13.4,249.8,58,75.8
146,Vernon School District,2008-09,Yes,**,**,**,**,**,**,**,**,**,**,**,**,**
147,Voluntown School District,2008-09,No,30,29,96.7,0,3.3,3.4,3.4,27.6,48.3,17.2,262.5,65.5,93.1
148,Wallingford School District,2008-09,No,536,531,99.1,0.2,0.7,4.7,5.1,15.6,53.7,20.9,266.8,74.6,90.2
148,Wallingford School District,2008-09,Yes,**,**,**,**,**,**,**,**,**,**,**,**,**
151,Waterbury School District,2008-09,No,1232,1192,96.8,1.2,2,35.7,20.3,22.6,20.6,0.8,213.3,21.4,44
151,Waterbury School District,2008-09,Yes,155,140,90.3,2.6,7.1,82.1,13.6,3.6,0.7,0,178,0.7,4.3
152,Waterford School District,2008-09,No,260,256,98.5,0.4,1.2,7,3.9,10.5,50,28.5,271.4,78.5,89.1
152,Waterford School District,2008-09,Yes,**,**,**,**,**,**,**,**,**,**,**,**,**
153,Watertown School District,2008-09,No,325,317,97.5,0,2.5,6,4.7,18.9,59,11.4,257.6,70.3,89.3
155,West Hartford School District,2008-09,No,772,764,99,0,1,3.9,6.5,13,49.6,27,270.5,76.6,89.5
155,West Hartford School District,2008-09,Yes,25,21,84,0,16,52.4,33.3,14.3,0,0,194.5,0,14.3
156,West Haven School District,2008-09,No,501,492,98.2,0,1.8,12.8,13.8,23.8,41.9,7.7,240.6,49.6,73.4
156,West Haven School District,2008-09,Yes,**,**,**,**,**,**,**,**,**,**,**,**,**
154,Westbrook School District,2008-09,No,82,81,98.8,0,1.2,2.5,7.4,16,60.5,13.6,260.9,74.1,90.1
157,Weston School District,2008-09,No,206,202,98.1,1.5,0.5,1.5,2.5,9.9,53,33.2,279.8,86.1,96
158,Westport School District,2008-09,No,469,465,99.1,0.2,0.6,1.3,4.1,6.7,49.9,38.1,283.7,88,94.6
158,Westport School District,2008-09,Yes,**,**,**,**,**,**,**,**,**,**,**,**,**
159,Wethersfield School District,2008-09,No,276,266,96.4,1.4,2.2,4.9,5.3,14.3,55.6,19.9,267.1,75.6,89.8
159,Wethersfield School District,2008-09,Yes,**,**,**,**,**,**,**,**,**,**,**,**,**
160,Willington School District,2008-09,No,69,69,100,0,0,4.3,4.3,15.9,44.9,30.4,271.9,75.4,91.3
161,Wilton School District,2008-09,No,337,333,98.8,0.3,0.9,3,1.8,6,50.8,38.4,283.8,89.2,95.2
161,Wilton School District,2008-09,Yes,**,**,**,**,**,**,**,**,**,**,**,**,**
162,Winchester School District,2008-09,No,103,100,97.1,0,2.9,17,17,33,28,5,232.2,33,66
162,Winchester School District,2008-09,Yes,**,**,**,**,**,**,**,**,**,**,**,**,**
163,Windham School District,2008-09,No,200,192,96,2.5,1.5,29.7,16.7,21.9,26,5.7,224.1,31.8,53.6
163,Windham School District,2008-09,Yes,38,37,97.4,0,2.6,73,5.4,18.9,2.7,0,186.5,2.7,21.6
165,Windsor Locks School District,2008-09,No,141,137,97.2,0,2.8,10.9,9.5,18.2,54.7,6.6,246.2,61.3,79.6
165,Windsor Locks School District,2008-09,Yes,**,**,**,**,**,**,**,**,**,**,**,**,**
164,Windsor School District,2008-09,No,332,325,97.9,1.2,0.9,13.5,12.3,17.5,41.5,15.1,249.1,56.6,74.2
164,Windsor School District,2008-09,Yes,**,**,**,**,**,**,**,**,**,**,**,**,**
166,Wolcott School District,2008-09,No,251,247,98.4,0,1.6,4.9,4.9,17.8,57.5,15,260.2,72.5,90.3
169,Woodstock School District,2008-09,No,110,108,98.2,0,1.8,2.8,3.7,15.7,60.2,17.6,266.6,77.8,93.5
279,Amistad Academy District,2007-08,No,65,65,100,0,0,27.7,18.5,23.1,30.8,0,221.3,30.8,53.8
2,Ansonia School District,2007-08,No,207,203,98.1,1,1,26.6,13.8,29.6,28.1,2,223.9,30,59.6
2,Ansonia School District,2007-08,Yes,**,**,**,**,**,**,**,**,**,**,**,**,**
244,Area Cooperative Educational Services,2007-08,No,326,323,99.1,0.6,0.3,19.8,14.2,18.6,38.4,9,237.2,47.4,65.9
244,Area Cooperative Educational Services,2007-08,Yes,**,**,**,**,**,**,**,**,**,**,**,**,**
3,Ashford School District,2007-08,No,71,69,97.2,0,2.8,5.8,1.4,18.8,56.5,17.4,264.6,73.9,92.8
3,Ashford School District,2007-08,Yes,**,**,**,**,**,**,**,**,**,**,**,**,**
4,Avon School District,2007-08,No,304,304,100,0,0,1.6,1.3,5.3,52.3,39.5,284.1,91.8,97
4,Avon School District,2007-08,Yes,**,**,**,**,**,**,**,**,**,**,**,**,**
7,Berlin School District,2007-08,No,267,265,99.3,0,0.7,4.9,4.9,10.6,59.6,20,267.1,79.6,90.2
7,Berlin School District,2007-08,Yes,**,**,**,**,**,**,**,**,**,**,**,**,**
9,Bethel School District,2007-08,No,250,246,98.4,0.4,1.2,5.3,5.3,15.4,58.1,15.9,261.1,74,89.4
9,Bethel School District,2007-08,Yes,**,**,**,**,**,**,**,**,**,**,**,**,**
11,Bloomfield School District,2007-08,No,198,195,98.5,0,1.5,31.8,17.9,27.2,21.5,1.5,218.1,23.1,50.3
12,Bolton School District,2007-08,No,63,62,98.4,0,1.6,1.6,1.6,9.7,58.1,29,278.3,87.1,96.8
13,Bozrah School District,2007-08,No,36,35,97.2,0,2.8,0,2.9,5.7,57.1,34.3,291.3,91.4,97.1
14,Branford School District,2007-08,No,267,263,98.5,1.1,0.4,3.8,3.8,9.5,52.9,30,275.5,82.9,92.4
14,Branford School District,2007-08,Yes,**,**,**,**,**,**,**,**,**,**,**,**,**
15,Bridgeport School District,2007-08,No,1375,1343,97.7,1,1.3,39.9,19.4,20.7,18.5,1.5,211.9,20,40.7
15,Bridgeport School District,2007-08,Yes,200,166,83,0.5,16.5,67.5,24.1,6.6,1.8,0,188.8,1.8,8.4
17,Bristol School District,2007-08,No,660,653,98.9,0,1.1,10.6,10.6,17.8,47.8,13.3,252.1,61.1,78.9
17,Bristol School District,2007-08,Yes,**,**,**,**,**,**,**,**,**,**,**,**,**
18,Brookfield School District,2007-08,No,255,253,99.2,0,0.8,2.8,3.2,13.8,55.7,24.5,270.3,80.2,94.1
18,Brookfield School District,2007-08,Yes,**,**,**,**,**,**,**,**,**,**,**,**,**
19,Brooklyn School District,2007-08,No,105,104,99,1,0,4.8,3.8,15.4,52.9,23.1,269.9,76,91.3
21,Canaan School District,2007-08,No,23,23,100,0,0,4.3,4.3,13,60.9,17.4,266.9,78.3,91.3
22,Canterbury School District,2007-08,No,70,69,98.6,0,1.4,2.9,4.3,20.3,68.1,4.3,254.2,72.5,92.8
23,Canton School District,2007-08,No,140,140,100,0,0,2.1,4.3,8.6,43.6,41.4,284.2,85,93.6
23,Canton School District,2007-08,Yes,**,**,**,**,**,**,**,**,**,**,**,**,**
241,Capitol Region Education Council,2007-08,No,283,280,98.9,0.4,0.7,8.6,11.4,17.5,47.1,15.4,255.3,62.5,80
241,Capitol Region Education Council,2007-08,Yes,**,**,**,**,**,**,**,**,**,**,**,**,**
25,Cheshire School District,2007-08,No,427,422,98.8,0,1.2,3.1,4,9.7,53.6,29.6,276.2,83.2,92.9
25,Cheshire School District,2007-08,Yes,**,**,**,**,**,**,**,**,**,**,**,**,**
27,Clinton School District,2007-08,No,143,141,98.6,0,1.4,6.4,6.4,17.7,53.2,16.3,259.7,69.5,87.2
27,Clinton School District,2007-08,Yes,**,**,**,**,**,**,**,**,**,**,**,**,**
28,Colchester School District,2007-08,No,266,263,98.9,0.4,0.8,4.6,6.1,14.8,54.4,20.2,265.6,74.5,89.4
28,Colchester School District,2007-08,Yes,**,**,**,**,**,**,**,**,**,**,**,**,**
30,Columbia School District,2007-08,No,71,71,100,0,0,2.8,5.6,15.5,49.3,26.8,270.3,76.1,91.5
243,Cooperative Educational Services,2007-08,No,33,33,100,0,0,3,9.1,27.3,54.5,6.1,250.9,60.6,87.9
31,Cornwall School District,2007-08,No,20,20,100,0,0,0,0,10,45,45,291.7,90,100
32,Coventry School District,2007-08,No,185,182,98.4,0,1.6,13.2,6.6,14.3,49.5,16.5,253,65.9,80.2
33,Cromwell School District,2007-08,No,155,151,97.4,0,2.6,4.6,6,13.2,50.3,25.8,269.5,76.2,89.4
33,Cromwell School District,2007-08,Yes,**,**,**,**,**,**,**,**,**,**,**,**,**
34,Danbury School District,2007-08,No,660,639,96.8,1.5,1.7,12.2,11.4,22.5,46.2,7.7,244,53.8,76.4
34,Danbury School District,2007-08,Yes,94,78,83,1.1,16,70.5,12.8,12.8,3.8,0,188.7,3.8,16.7
35,Darien School District,2007-08,No,371,369,99.5,0,0.5,3.3,1.9,7.3,56.9,30.6,278.8,87.5,94.9
35,Darien School District,2007-08,Yes,**,**,**,**,**,**,**,**,**,**,**,**,**
37,Derby School District,2007-08,No,129,127,98.4,0,1.6,18.9,8.7,25.2,40.9,6.3,238.1,47.2,72.4
37,Derby School District,2007-08,Yes,**,**,**,**,**,**,**,**,**,**,**,**,**
40,East Granby School District,2007-08,No,63,63,100,0,0,4.8,6.3,12.7,49.2,27,272,76.2,88.9
41,East Haddam School District,2007-08,No,120,120,100,0,0,8.3,9.2,22.5,50.8,9.2,249.5,60,82.5
42,East Hampton School District,2007-08,No,200,199,99.5,0,0.5,5,5,12.1,53.8,24.1,272.1,77.9,89.9
43,East Hartford School District,2007-08,No,483,476,98.6,0.4,1,24.4,18.9,23.5,30.5,2.7,225.7,33.2,56.7
43,East Hartford School District,2007-08,Yes,**,**,**,**,**,**,**,**,**,**,**,**,**
44,East Haven School District,2007-08,No,263,259,98.5,0.4,1.1,23.2,9.7,21.6,36.7,8.9,237.3,45.6,67.2
44,East Haven School District,2007-08,Yes,**,**,**,**,**,**,**,**,**,**,**,**,**
45,East Lyme School District,2007-08,No,244,239,98,0.4,1.6,2.9,6.3,13.8,54,23,267.2,77,90.8
47,East Windsor School District,2007-08,No,100,98,98,0,2,6.1,8.2,19.4,51,15.3,255.8,66.3,85.7
47,East Windsor School District,2007-08,Yes,**,**,**,**,**,**,**,**,**,**,**,**,**
39,Eastford School District,2007-08,No,26,26,100,0,0,3.8,3.8,11.5,61.5,19.2,268.6,80.8,92.3
46,Easton School District,2007-08,No,127,127,100,0,0,1.6,1.6,11.8,62.2,22.8,277.4,85,96.9
46,Easton School District,2007-08,Yes,**,**,**,**,**,**,**,**,**,**,**,**,**
48,Ellington School District,2007-08,No,205,202,98.5,0,1.5,5.9,6.4,9.9,51,26.7,270.9,77.7,87.6
48,Ellington School District,2007-08,Yes,**,**,**,**,**,**,**,**,**,**,**,**,**
289,Elm City College Preparatory School,2007-08,No,41,41,100,0,0,29.3,17.1,19.5,34.1,0,224.4,34.1,53.7
49,Enfield School District,2007-08,No,502,487,97,0.6,2.4,11.1,12.7,21.8,49.5,4.9,243.8,54.4,76.2
49,Enfield School District,2007-08,Yes,**,**,**,**,**,**,**,**,**,**,**,**,**
51,Fairfield School District,2007-08,No,725,723,99.7,0,0.3,3.5,3,10.9,50.9,31.7,278.2,82.6,93.5
51,Fairfield School District,2007-08,Yes,**,**,**,**,**,**,**,**,**,**,**,**,**
52,Farmington School District,2007-08,No,327,322,98.5,0.3,1.2,3.4,6.5,15.8,45,29.2,271.4,74.2,90.1
52,Farmington School District,2007-08,Yes,**,**,**,**,**,**,**,**,**,**,**,**,**
53,Franklin School District,2007-08,No,30,30,100,0,0,6.7,3.3,30,46.7,13.3,259.2,60,90
54,Glastonbury School District,2007-08,No,512,505,98.6,0.2,1.2,3,3.2,10.5,52.5,30.9,276.6,83.4,93.9
54,Glastonbury School District,2007-08,Yes,**,**,**,**,**,**,**,**,**,**,**,**,**
56,Granby School District,2007-08,No,184,183,99.5,0,0.5,0,4.4,5.5,52.5,37.7,285.5,90.2,95.6
57,Greenwich School District,2007-08,No,623,610,97.9,0,2.1,4.6,4.8,13.4,52.3,24.9,270.2,77.2,90.7
57,Greenwich School District,2007-08,Yes,26,22,84.6,0,15.4,31.8,18.2,27.3,22.7,0,221.3,22.7,50
58,Griswold School District,2007-08,No,163,162,99.4,0.6,0,9.9,9.9,17.9,52.5,9.9,250.8,62.3,80.2
58,Griswold School District,2007-08,Yes,**,**,**,**,**,**,**,**,**,**,**,**,**
59,Groton School District,2007-08,No,369,367,99.5,0,0.5,12.3,13.6,19.9,46.3,7.9,244.5,54.2,74.1
59,Groton School District,2007-08,Yes,**,**,**,**,**,**,**,**,**,**,**,**,**
60,Guilford School District,2007-08,No,307,305,99.3,0,0.7,1.3,5.2,9.2,47.5,36.7,281.3,84.3,93.4
60,Guilford School District,2007-08,Yes,**,**,**,**,**,**,**,**,**,**,**,**,**
62,Hamden School District,2007-08,No,478,472,98.7,0,1.3,25,17.6,18.2,33.3,5.9,228.5,39.2,57.4
62,Hamden School District,2007-08,Yes,**,**,**,**,**,**,**,**,**,**,**,**,**
64,Hartford School District,2007-08,No,1490,1404,94.2,3.1,2.7,44.7,18.9,16.7,17.7,1.9,208.5,19.7,36.4
64,Hartford School District,2007-08,Yes,278,230,82.7,4,13.3,76.1,16.5,6.5,0.9,0,180.8,0.9,7.4
65,Hartland School District,2007-08,No,23,23,100,0,0,8.7,0,8.7,69.6,13,260.2,82.6,91.3
264,Integrated Day Charter School District,2007-08,No,33,33,100,0,0,9.1,6.1,9.1,66.7,9.1,252.9,75.8,84.8
265,Interdistrict School for Arts and Comm District,2007-08,No,51,50,98,0,2,20,14,24,36,6,233.5,42,66
265,Interdistrict School for Arts and Comm District,2007-08,Yes,**,**,**,**,**,**,**,**,**,**,**,**,**
261,Jumoke Academy District,2007-08,No,20,20,100,0,0,25,45,15,15,0,214.5,15,30
68,Kent School District,2007-08,No,34,34,100,0,0,5.9,8.8,8.8,70.6,5.9,262,76.5,85.3
69,Killingly School District,2007-08,No,194,194,100,0,0,11.9,14.9,18,47.4,7.7,243.7,55.2,73.2
69,Killingly School District,2007-08,Yes,**,**,**,**,**,**,**,**,**,**,**,**,**
71,Lebanon School District,2007-08,No,113,113,100,0,0,9.7,6.2,13.3,56.6,14.2,259,70.8,84.1
72,Ledyard School District,2007-08,No,195,191,97.9,0.5,1.5,5.8,8.9,10.5,59.2,15.7,261.8,74.9,85.3
72,Ledyard School District,2007-08,Yes,**,**,**,**,**,**,**,**,**,**,**,**,**
73,Lisbon School District,2007-08,No,54,53,98.1,0,1.9,7.5,9.4,13.2,56.6,13.2,260.6,69.8,83
74,Litchfield School District,2007-08,No,117,116,99.1,0,0.9,5.2,4.3,12.1,61.2,17.2,265.9,78.4,90.5
76,Madison School District,2007-08,No,323,319,98.8,0,1.2,2.5,2.8,7.5,51.1,36.1,283.6,87.1,94.7
77,Manchester School District,2007-08,No,512,488,95.3,2,2.7,23,14.1,23.2,34.4,5.3,230.7,39.8,62.9
77,Manchester School District,2007-08,Yes,**,**,**,**,**,**,**,**,**,**,**,**,**
78,Mansfield School District,2007-08,No,149,148,99.3,0,0.7,4.7,2,7.4,53.4,32.4,278.9,85.8,93.2
78,Mansfield School District,2007-08,Yes,**,**,**,**,**,**,**,**,**,**,**,**,**
80,Meriden School District,2007-08,No,545,518,95,3.5,1.5,24.1,19.3,23,30.9,2.7,225.2,33.6,56.6
80,Meriden School District,2007-08,Yes,52,43,82.7,5.8,11.5,83.7,9.3,7,0,0,183.5,0,7
83,Middletown School District,2007-08,No,352,341,96.9,0.3,2.8,22,14.7,22.9,33.7,6.7,233.7,40.5,63.3
83,Middletown School District,2007-08,Yes,**,**,**,**,**,**,**,**,**,**,**,**,**
84,Milford School District,2007-08,No,570,557,97.7,0,2.3,5.4,8.4,16.5,56.9,12.7,258.6,69.7,86.2
84,Milford School District,2007-08,Yes,**,**,**,**,**,**,**,**,**,**,**,**,**
85,Monroe School District,2007-08,No,359,358,99.7,0,0.3,2.8,4.7,14.2,55,23.2,271.3,78.2,92.5
86,Montville School District,2007-08,No,262,257,98.1,0.4,1.5,19.8,12.8,23.3,38.5,5.4,234.5,44,67.3
86,Montville School District,2007-08,Yes,**,**,**,**,**,**,**,**,**,**,**,**,**
88,Naugatuck School District,2007-08,No,415,411,99,0,1,13.4,14.1,22.6,44.5,5.4,240.1,49.9,72.5
88,Naugatuck School District,2007-08,Yes,**,**,**,**,**,**,**,**,**,**,**,**,**
280,"New Beginnings Inc., Family Academy District",2007-08,No,36,36,100,0,0,16.7,13.9,44.4,16.7,8.3,232.8,25,69.4
89,New Britain School District,2007-08,No,630,606,96.2,1,2.9,33.3,18.3,23.3,22.8,2.3,218,25.1,48.3
89,New Britain School District,2007-08,Yes,138,111,80.4,1.4,18.1,71.2,19.8,6.3,2.7,0,184.9,2.7,9
90,New Canaan School District,2007-08,No,318,314,98.7,0,1.3,1.6,2.5,4.5,46.8,44.6,290.9,91.4,95.9
90,New Canaan School District,2007-08,Yes,**,**,**,**,**,**,**,**,**,**,**,**,**
91,New Fairfield School District,2007-08,No,255,254,99.6,0,0.4,2,3.9,7.1,57.1,29.9,277.1,87,94.1
91,New Fairfield School District,2007-08,Yes,**,**,**,**,**,**,**,**,**,**,**,**,**
93,New Haven School District,2007-08,No,1153,1128,97.8,0.5,1.6,32,19.6,20.5,24.1,3.8,219.7,27.9,48.4
93,New Haven School District,2007-08,Yes,167,146,87.4,1.8,10.8,61.6,16.4,17.8,4.1,0,191.9,4.1,21.9
95,New London School District,2007-08,No,154,150,97.4,1.9,0.6,46,20,12.7,20,1.3,208.8,21.3,34
95,New London School District,2007-08,Yes,53,47,88.7,0,11.3,70.2,12.8,14.9,2.1,0,190.1,2.1,17
96,New Milford School District,2007-08,No,389,383,98.5,0,1.5,8.6,6.5,16.4,49.9,18.5,259.3,68.4,84.9
96,New Milford School District,2007-08,Yes,**,**,**,**,**,**,**,**,**,**,**,**,**
94,Newington School District,2007-08,No,332,328,98.8,0,1.2,6.4,7.6,17.7,54,14.3,258.8,68.3,86
94,Newington School District,2007-08,Yes,**,**,**,**,**,**,**,**,**,**,**,**,**
97,Newtown School District,2007-08,No,435,428,98.4,0.5,1.1,1.9,2.3,9.6,58.9,27.3,277.7,86.2,95.8
99,North Branford School District,2007-08,No,176,172,97.7,0,2.3,4.1,8.1,14,56.4,17.4,262.8,73.8,87.8
100,North Canaan School District,2007-08,No,43,43,100,0,0,9.3,7,25.6,55.8,2.3,248.1,58.1,83.7
101,North Haven School District,2007-08,No,297,293,98.7,0,1.3,4.4,7.2,13.7,58.7,16,260.4,74.7,88.4
101,North Haven School District,2007-08,Yes,**,**,**,**,**,**,**,**,**,**,**,**,**
102,North Stonington School District,2007-08,No,68,67,98.5,0,1.5,3,4.5,16.4,67.2,9,262,76.1,92.5
103,Norwalk School District,2007-08,No,724,712,98.3,0.6,1.1,14.7,14.5,17.1,41.9,11.8,244.5,53.7,70.8
103,Norwalk School District,2007-08,Yes,72,64,88.9,0,11.1,46.9,15.6,29.7,6.2,1.6,204.8,7.8,37.5
104,Norwich School District,2007-08,No,481,471,97.9,0,2.1,19.1,13.8,20,41.2,5.9,236.7,47.1,67.1
104,Norwich School District,2007-08,Yes,26,25,96.2,0,3.8,64,8,24,4,0,195.8,4,28
263,Odyssey Community School District,2007-08,No,35,35,100,0,0,8.6,8.6,28.6,51.4,2.9,241.9,54.3,82.9
106,Old Saybrook School District,2007-08,No,142,140,98.6,0,1.4,2.1,4.3,10.7,57.9,25,271.7,82.9,93.6
106,Old Saybrook School District,2007-08,Yes,**,**,**,**,**,**,**,**,**,**,**,**,**
108,Oxford School District,2007-08,No,161,159,98.8,0,1.2,8.8,8.2,12.6,49.1,21.4,260,70.4,83
283,Park City Prep Charter School,2007-08,No,49,49,100,0,0,24.5,28.6,28.6,18.4,0,216.2,18.4,46.9
109,Plainfield School District,2007-08,No,198,198,100,0,0,10.6,10.1,18.2,43.4,17.7,253.1,61.1,79.3
110,Plainville School District,2007-08,No,212,208,98.1,0,1.9,4.8,4.8,17.3,47.1,26,269,73.1,90.4
110,Plainville School District,2007-08,Yes,**,**,**,**,**,**,**,**,**,**,**,**,**
111,Plymouth School District,2007-08,No,166,165,99.4,0,0.6,14.5,7.9,24.8,42.4,10.3,245.8,52.7,77.6
112,Pomfret School District,2007-08,No,68,68,100,0,0,4.4,5.9,8.8,63.2,17.6,267.5,80.9,89.7
113,Portland School District,2007-08,No,114,114,100,0,0,7,5.3,17.5,51.8,18.4,260.9,70.2,87.7
114,Preston School District,2007-08,No,59,59,100,0,0,10.2,18.6,27.1,40.7,3.4,239.9,44.1,71.2
116,Putnam School District,2007-08,No,82,82,100,0,0,17.1,12.2,19.5,41.5,9.8,244.2,51.2,70.7
116,Putnam School District,2007-08,Yes,**,**,**,**,**,**,**,**,**,**,**,**,**
117,Redding School District,2007-08,No,139,138,99.3,0,0.7,2.9,4.3,5.8,55.1,31.9,278.7,87,92.8
204,Regional School District 04,2007-08,No,164,164,100,0,0,1.8,9.1,14.6,53,21.3,265.5,74.4,89
204,Regional School District 04,2007-08,Yes,**,**,**,**,**,**,**,**,**,**,**,**,**
205,Regional School District 05,2007-08,No,428,427,99.8,0,0.2,3.3,4,14.1,54.3,24.4,271.7,78.7,92.7
205,Regional School District 05,2007-08,Yes,**,**,**,**,**,**,**,**,**,**,**,**,**
206,Regional School District 06,2007-08,No,79,78,98.7,1.3,0,6.4,9,5.1,61.5,17.9,264,79.5,84.6
206,Regional School District 06,2007-08,Yes,**,**,**,**,**,**,**,**,**,**,**,**,**
207,Regional School District 07,2007-08,No,186,183,98.4,0,1.6,6,6,16.9,52.5,18.6,263.1,71,88
208,Regional School District 08,2007-08,No,326,326,100,0,0,6.1,4.3,13.8,49.1,26.7,268.8,75.8,89.6
210,Regional School District 10,2007-08,No,254,252,99.2,0,0.8,2.8,5.2,13.5,64.7,13.9,264.8,78.6,92.1
211,Regional School District 11,2007-08,No,50,50,100,0,0,10,6,18,52,14,252.8,66,84
212,Regional School District 12,2007-08,No,68,68,100,0,0,8.8,4.4,8.8,55.9,22.1,264,77.9,86.8
212,Regional School District 12,2007-08,Yes,**,**,**,**,**,**,**,**,**,**,**,**,**
213,Regional School District 13,2007-08,No,180,180,100,0,0,3.9,6.1,12.2,52.8,25,270.2,77.8,90
214,Regional School District 14,2007-08,No,165,163,98.8,0,1.2,3.1,4.9,14.7,42.3,35,277.3,77.3,92
214,Regional School District 14,2007-08,Yes,**,**,**,**,**,**,**,**,**,**,**,**,**
215,Regional School District 15,2007-08,No,359,355,98.9,0.3,0.8,1.4,3.7,10.1,60.8,23.9,275.1,84.8,94.9
215,Regional School District 15,2007-08,Yes,**,**,**,**,**,**,**,**,**,**,**,**,**
216,Regional School District 16,2007-08,No,207,206,99.5,0.5,0,11.7,10.7,21.8,46.6,9.2,247.5,55.8,77.7
216,Regional School District 16,2007-08,Yes,**,**,**,**,**,**,**,**,**,**,**,**,**
217,Regional School District 17,2007-08,No,231,230,99.6,0,0.4,3.9,7,14.8,57.4,17,265.9,74.3,89.1
218,Regional School District 18,2007-08,No,127,126,99.2,0,0.8,3.2,7.1,5.6,57.9,26.2,272.8,84.1,89.7
118,Ridgefield School District,2007-08,No,449,447,99.6,0,0.4,1.8,2.9,11.6,57,26.6,275.9,83.7,95.3
118,Ridgefield School District,2007-08,Yes,**,**,**,**,**,**,**,**,**,**,**,**,**
119,Rocky Hill School District,2007-08,No,208,206,99,0,1,4.4,6.3,9.2,54.4,25.7,269.4,80.1,89.3
119,Rocky Hill School District,2007-08,Yes,**,**,**,**,**,**,**,**,**,**,**,**,**
121,Salem School District,2007-08,No,47,46,97.9,0,2.1,0,8.7,8.7,65.2,17.4,267.9,82.6,91.3
122,Salisbury School District,2007-08,No,32,32,100,0,0,0,3.1,12.5,62.5,21.9,274.2,84.4,96.9
124,Seymour School District,2007-08,No,195,193,99,0,1,9.3,5.7,22.8,51.8,10.4,252.6,62.2,85
124,Seymour School District,2007-08,Yes,**,**,**,**,**,**,**,**,**,**,**,**,**
125,Sharon School District,2007-08,No,37,36,97.3,0,2.7,8.3,8.3,8.3,52.8,22.2,268.8,75,83.3
125,Sharon School District,2007-08,Yes,**,**,**,**,**,**,**,**,**,**,**,**,**
126,Shelton School District,2007-08,No,479,476,99.4,0,0.6,6.3,8.6,18.1,55.7,11.3,255.5,67,85.1
126,Shelton School District,2007-08,Yes,**,**,**,**,**,**,**,**,**,**,**,**,**
127,Sherman School District,2007-08,No,43,43,100,0,0,7,0,18.6,69.8,4.7,257.9,74.4,93
270,Side By Side Community School District,2007-08,No,**,**,**,**,**,**,**,**,**,**,**,**,**
270,Side By Side Community School District,2007-08,Yes,**,**,**,**,**,**,**,**,**,**,**,**,**
128,Simsbury School District,2007-08,No,414,411,99.3,0,0.7,3.4,3.6,9.5,55,28.5,277,83.5,92.9
128,Simsbury School District,2007-08,Yes,**,**,**,**,**,**,**,**,**,**,**,**,**
129,Somers School District,2007-08,No,141,139,98.6,0.7,0.7,2.2,2.9,7.9,53.2,33.8,281.2,87.1,95
129,Somers School District,2007-08,Yes,**,**,**,**,**,**,**,**,**,**,**,**,**
132,South Windsor School District,2007-08,No,404,398,98.5,0.5,1,3,4.8,13.3,52.5,26.4,272.9,78.9,92.2
132,South Windsor School District,2007-08,Yes,**,**,**,**,**,**,**,**,**,**,**,**,**
131,Southington School District,2007-08,No,508,496,97.6,0.4,2,7.1,7.1,16.7,54,15.1,258.9,69.2,85.9
131,Southington School District,2007-08,Yes,**,**,**,**,**,**,**,**,**,**,**,**,**
133,Sprague School District,2007-08,No,41,40,97.6,0,2.4,2.5,10,10,57.5,20,266.7,77.5,87.5
134,Stafford School District,2007-08,No,162,162,100,0,0,3.1,8,14.2,57.4,17.3,262.5,74.7,88.9
134,Stafford School District,2007-08,Yes,**,**,**,**,**,**,**,**,**,**,**,**,**
135,Stamford School District,2007-08,No,963,954,99.1,0.5,0.4,15.3,12.9,22.6,39.6,9.5,242.6,49.2,71.8
135,Stamford School District,2007-08,Yes,119,103,86.6,0,13.4,68,14.6,14.6,2.9,0,194,2.9,17.5
136,Sterling School District,2007-08,No,53,53,100,0,0,5.7,11.3,35.8,45.3,1.9,240.2,47.2,83
137,Stonington School District,2007-08,No,201,199,99,0,1,6.5,6,12.6,56.8,18.1,261.9,74.9,87.4
138,Stratford School District,2007-08,No,566,556,98.2,0.2,1.6,15.1,10.3,22.1,44.4,8.1,243.5,52.5,74.6
138,Stratford School District,2007-08,Yes,**,**,**,**,**,**,**,**,**,**,**,**,**
139,Suffield School District,2007-08,No,214,210,98.1,0.5,1.4,4.8,6.7,11.9,50.5,26.2,269.3,76.7,88.6
269,The Bridge Academy District,2007-08,No,47,47,100,0,0,63.8,14.9,12.8,8.5,0,198.6,8.5,21.3
140,Thomaston School District,2007-08,No,112,110,98.2,0,1.8,16.4,13.6,24.5,39.1,6.4,237.9,45.5,70
141,Thompson School District,2007-08,No,133,133,100,0,0,15,9,21.8,47.4,6.8,244.9,54.1,75.9
142,Tolland School District,2007-08,No,244,243,99.6,0,0.4,2.9,4.1,15.2,55.1,22.6,270,77.8,93
143,Torrington School District,2007-08,No,392,383,97.7,1,1.3,11.7,10.4,19.1,51.4,7.3,246.5,58.7,77.8
143,Torrington School District,2007-08,Yes,**,**,**,**,**,**,**,**,**,**,**,**,**
278,Trailblazers Academy District,2007-08,No,51,50,98,0,2,56,16,12,16,0,203,16,28
144,Trumbull School District,2007-08,No,534,531,99.4,0.2,0.4,3.6,5.1,12.8,58.9,19.6,268.4,78.5,91.3
144,Trumbull School District,2007-08,Yes,**,**,**,**,**,**,**,**,**,**,**,**,**
145,Union School District,2007-08,No,**,**,**,**,**,**,**,**,**,**,**,**,**
146,Vernon School District,2007-08,No,273,270,98.9,0.4,0.7,11.1,11.5,25.2,45.6,6.7,243.8,52.2,77.4
146,Vernon School District,2007-08,Yes,**,**,**,**,**,**,**,**,**,**,**,**,**
147,Voluntown School District,2007-08,No,41,41,100,0,0,2.4,2.4,17.1,51.2,26.8,272.5,78,95.1
148,Wallingford School District,2007-08,No,547,539,98.5,0,1.5,4.1,5.8,12.1,54.2,23.9,268.7,78.1,90.2
148,Wallingford School District,2007-08,Yes,**,**,**,**,**,**,**,**,**,**,**,**,**
151,Waterbury School District,2007-08,No,1206,1169,96.9,1.3,1.7,32.3,21.1,22.2,22.9,1.5,216,24.4,46.5
151,Waterbury School District,2007-08,Yes,152,128,84.2,3.3,12.5,78.1,14.1,7.8,0,0,184.2,0,7.8
152,Waterford School District,2007-08,No,255,252,98.8,0,1.2,6,6.3,13.1,48,26.6,268.3,74.6,87.7
152,Waterford School District,2007-08,Yes,**,**,**,**,**,**,**,**,**,**,**,**,**
153,Watertown School District,2007-08,No,286,283,99,0,1,4.9,6.7,17.3,56.5,14.5,259.5,71,88.3
153,Watertown School District,2007-08,Yes,**,**,**,**,**,**,**,**,**,**,**,**,**
155,West Hartford School District,2007-08,No,678,673,99.3,0.6,0.1,8,5.6,12.6,50.1,23.6,264.4,73.7,86.3
155,West Hartford School District,2007-08,Yes,24,23,95.8,0,4.2,52.2,26.1,21.7,0,0,195.3,0,21.7
156,West Haven School District,2007-08,No,460,458,99.6,0,0.4,15.3,13.3,24.5,40.8,6.1,238.2,46.9,71.4
156,West Haven School District,2007-08,Yes,**,**,**,**,**,**,**,**,**,**,**,**,**
154,Westbrook School District,2007-08,No,78,78,100,0,0,2.6,7.7,19.2,61.5,9,260.8,70.5,89.7
157,Weston School District,2007-08,No,192,191,99.5,0,0.5,2.1,1,8.4,49.2,39.3,283,88.5,96.9
157,Weston School District,2007-08,Yes,**,**,**,**,**,**,**,**,**,**,**,**,**
158,Westport School District,2007-08,No,429,423,98.6,0,1.4,1.4,2.1,10.9,48.2,37.4,282.9,85.6,96.5
158,Westport School District,2007-08,Yes,**,**,**,**,**,**,**,**,**,**,**,**,**
159,Wethersfield School District,2007-08,No,281,274,97.5,0,2.5,6.9,8.4,15.7,52.9,16.1,260.2,69,84.7
159,Wethersfield School District,2007-08,Yes,**,**,**,**,**,**,**,**,**,**,**,**,**
160,Willington School District,2007-08,No,84,84,100,0,0,4.8,15.5,19,45.2,15.5,256.5,60.7,79.8
161,Wilton School District,2007-08,No,351,350,99.7,0,0.3,0.9,3.1,8.6,48.9,38.6,286.2,87.4,96
161,Wilton School District,2007-08,Yes,**,**,**,**,**,**,**,**,**,**,**,**,**
162,Winchester School District,2007-08,No,122,119,97.5,1.6,0.8,12.6,13.4,25.2,42,6.7,240.2,48.7,73.9
162,Winchester School District,2007-08,Yes,**,**,**,**,**,**,**,**,**,**,**,**,**
163,Windham School District,2007-08,No,209,201,96.2,1,2.9,35.8,16.9,19.9,25.4,2,217,27.4,47.3
163,Windham School District,2007-08,Yes,55,49,89.1,1.8,9.1,81.6,12.2,4.1,2,0,181,2,6.1
165,Windsor Locks School District,2007-08,No,141,140,99.3,0,0.7,17.1,12.1,17.9,47.9,5,237.8,52.9,70.7
165,Windsor Locks School District,2007-08,Yes,**,**,**,**,**,**,**,**,**,**,**,**,**
164,Windsor School District,2007-08,No,320,309,96.6,0.6,2.8,12.6,12,21.7,38.8,14.9,249.3,53.7,75.4
164,Windsor School District,2007-08,Yes,**,**,**,**,**,**,**,**,**,**,**,**,**
166,Wolcott School District,2007-08,No,246,245,99.6,0,0.4,5.7,6.1,14.3,52.7,21.2,264.6,73.9,88.2
169,Woodstock School District,2007-08,No,114,113,99.1,0,0.9,2.7,2.7,11.5,58.4,24.8,273.5,83.2,94.7
